product_id,product_name,category_name,brand_name,price
714,"PANETONCITO X 12",Panaderia,EM,10.00
715,"MINI GN  X 40 SURTIDO",Golosina,"SAN JORGE",11.00
716,"MINI GELATINA CJ X 410 UND",Abarrotes,IMPORTADOS,12.00
717,"M Y M MINIS X 12KL",Golosina,"PERU FARMA",13.00
718,"MOROCHA STIK 14 X 6",Golosina,NESTLE,14.00
719,"soda 34 x 10",Golosina,SAYON,2.50
720,"SNICKERS  X 48 UN X 52.7 GR",Golosina,"PERU FARMA",2.50
721,"M Y M X 48",Golosina,"PERU FARMA",8.00
722,"WOZO  GALACTIC X 24 UND",Golosina,WAYKI,9.00
723,"HUEVITO MINI WOZO  CJ X 48 UND.",Golosina,WAYKI,10.00
724,"MOROCHA WAFER 27X 6",Golosina,NESTLE,11.00
725,"PRINCESA BARRA 28 X 20 X 30GR",Golosina,NESTLE,12.00
726,"YO YO",Golosina,HERBI,13.00
727,"SORRENTO 30X20X32 GR",Golosina,NESTLE,14.00
728,"PANETON DONOFRIO BL. 6 X 900GR",Panaderia,NESTLE,15.00
729,"PANETON BUON NATALE BOLSA 6 X 800GR",Panaderia,NESTLE,16.00
730,"TRIANGULO BARRA 22X200GR",Golosina,NESTLE,17.00
731,"PANETON CHOCOTON CJ 6X500gr",Panaderia,NESTLE,18.00
732,"SUBLIME CLASICO 27 X 24",Golosina,NESTLE,19.00
733,"TRIANGULO CLAS. 24 X 22 X 30gr",Golosina,NESTLE,20.00
734,"PANETON DONOFRIO CJA 6X900GRMS",Panaderia,NESTLE,21.00
735,"SUBLIME SONRISA BLANCO 21 X 12 X 40GR",Golosina,NESTLE,22.00
736,"TRIANGULO MARMOLEADO 24 X 22 X 33GR",Golosina,NESTLE,23.00
737,"MINI MANI 28 X 12",Golosina,NESTLE,24.00
738,"MORCHA TACO X 56",Golosina,NESTLE,25.00
739,"Princesa blanco bl. 18 X 18 x 8gr",Golosina,NESTLE,26.00
740,"PRINCESA CORAZON X 144GR",Golosina,NESTLE,27.00
741,"SUBLIME BOLSA 15X18X8GR",Golosina,NESTLE,28.00
742,"TRIANGULO DOY 6 12 X 18 X 8 GR",Golosina,NESTLE,29.00
743,"PANETON CHOCOTON MANJAR6X500gr",Panaderia,NESTLE,30.00
744,"PANETON CHOCOTON VAINILLA6X500gr",Panaderia,NESTLE,31.00
745,"PANETON CHOCOTON BL 6X500gr",Panaderia,NESTLE,32.00
746,"PRINCESA LATA 15X18X8GR",Golosina,NESTLE,33.00
747,"KIT KAT PAPA NOEL  9X6X29GR",Golosina,NESTLE,2.00
748,"MOROCHAS 18X8X30GR",Golosina,NESTLE,0.00
749,"SODA PLAIN X 4 PK X 6",Golosina,ALICORP,2.00
750,"PRINGLES 12X37GR",Golosina,"PERU FARMA",0.00
751,"SODA PLAIN X 20 UN X 100 GR.",Golosina,ALICORP,1.00
752,"AMBROSIA X 36 BL X 240 GR.",Golosina,AMBROSOLI,0.00
753,"MIX SODA X 35 BL X 60",Golosina,AMBROSOLI,3.00
754,"TURRUNAZO X 20 BL X 100",Golosina,AMBROSOLI,5.00
755,"CHICLE ANGRY BIRDS X 12 DP X 100",Golosina,ARCOR,0.00
756,"PRIVILEGIO 10 BL X 42",Golosina,ARCOR,0.00
757,"FRUTICA LOVE X 16 BL X 100",Publicidad,COLOMBINA,0.00
758,"GLOBO POP LED PRINT X 12 DP X 20",Golosina,CONFIPERU,0.00
759,"GALLETA LATA X 18",Golosina,COSTA,0.00
760,"GALLETA SURT. AZUL X 6",Golosina,COSTA,13.00
761,"VIZZIO ESTUCHE X 15 UN X 89 GR.",Golosina,COSTA,0.00
762,"BURBUJITAS X 60 TR X 8",Golosina,"2 CERRITOS ",0.00
763,"SUBLIME GALLETA X 12 DP X 24",Golosina,NESTLE,0.00
764,"SUBLIME MINI ALMENDRA X 28 TR X 12",Golosina,NESTLE,0.00
765,"MEGA WAFER GN CHOCOLATE X 16 X 61 GR.",Golosina,"SAN JORGE",10.00
766,"MEGA WAFER GN FRESA X 16 X 61 GR.",Golosina,"SAN JORGE",0.00
767,"MEGA WAFER GN VAINILLA X 16 X 61 GR.",Golosina,"SAN JORGE",0.00
768,"RELLENITA DIA SURT. X 5 PK X 8",Golosina,SAYON,0.00
769,"VAINILLA DIA X 12 PK X 250 GR.",Golosina,SAYON,2.00
770,"WINTER DE LECHE X 35 DP X 30",Golosina,WINTERS,1.50
771,"FINOS X 56 DP X 80",Golosina,WINTERS,0.00
772,"TIC TAC SURTIDO 24 DP X 12",Golosina,YICHANG,0.00
773,"MARSHMALIOWS MINI COLOR X 24 BL 100GR",Golosina,GUANDY,12.50
774,"SUBLIME DUO 20X24X28GR",Golosina,NESTLE,1.00
775,"M Y M 1KL",Golosina,"PERU FARMA",2.00
776,"GASTOS REPRESENTATIVOS",Golosina,ANDINA,3.00
777,"MOMENTSX 12",Otros,COLOMBINA,4.00
778,"SURTIDA 11 X 24",Golosina,COLOMBINA,5.00
779,"CORONITA CHOCO 28PKX6X38GR",Golosina,MONDELEZ,6.00
780,SOLEI,Golosina,"SAN JORGE",7.00
781,"SODA 33 28X12 ",Golosina,"SAN JORGE",8.00
782,"WAFER VAINILLA DIA  8X5",Golosina,ALICORP,9.00
783,"WAFER CHOCOLATE DIA 5X8",Golosina,ALICORP,10.00
784,"VAINILLA DIA X 100",Golosina,ALICORP,11.00
785,"TEJANA 8 X 480GR",Golosina,SAYON,12.00
786,"CASINO BLACK VAINILLA X 30",Golosina,ALICORP,13.00
787,"MINI TENTACION X 12",Golosina,ALICORP,14.00
788,"CHOCO V 8X6",Golosina,VICTORIA,15.00
789,"WAFER FRESA DIA 5X8",Golosina,ALICORP,16.00
790,"MINI RICCOCHIPS X 24",Golosina,ANDINA,17.00
791,"CHOCO LUCMA 12 X 500GRM",Golosina,ANDINA,18.00
792,"PANETON RICCOS CJ 6 X 900 GR",Golosina,ANDINA,19.00
793,"MECANO MANJAR 8 X 32 X 19GR.",Panaderia,COSTA,20.00
794,"TRIFRUNA 8X420GR",Golosina,AMBROSOLI,21.00
795,"FRUGELE AMBRUJOS X 27 BLS",Golosina,AMBROSOLI,22.00
796,"AMBROMELLOWS BLANCO X 12",Golosina,AMBROSOLI,23.00
797,"BASTONES DE NAVIDAD 24X144GR",Golosina,AMBROSOLI,24.00
798,"6 NAVIDE�O X 30",Golosina,COSTA,25.00
799,"CHOCODONUTS  REGALO  16X222GR",Golosina,COSTA,26.00
800,"CHOCMAN DOBLE MANJAR  8X 6",Pack,COSTA,27.00
801,"CARITA FIESTA 12 X 40UND",Golosina,COSTA,28.00
802,"HECHIZO HALLOWEN X25X300GR",Golosina,AMBROSOLI,29.00
803,"PANETON 18 CJ 6X900GR",Golosina,GLORIA,30.00
804,"PANETON 18 BL 6X900GR",Golosina,GLORIA,1.00
805,"PURO AMOR CJ 6X 900GR",Panaderia,TODINO,2.00
806,"PANETON 36 CJA 6 X 900 GRMS",Panaderia,TODINO,3.00
807,"TOFFEE D. LECHE 15BL. X110UND",Panaderia,WINTERS,4.00
808,"PANETON 40 CJ 6 X 900GR",Panaderia,WINTERS,5.00
809,"SODA 34 X3KG",Golosina,SAYON,6.00
810,"PANETON CHOCOLUCUMA 12X500GRAMOS",Panaderia,ANDINA,7.00
811,"SANDIA 7 20B X100UND",Golosina,ARCOR,8.00
812,"SUBLIME BOX CJA 24 X20 UN",Panaderia,NESTLE,9.00
813,"PANETON 8 18 X 400GRAMOS",Golosina,"PERU FARMA",10.00
814,"BAUDUCO 6 X 750GRM",Golosina,BAUDUCCO,11.00
815,"BAUDUCOX 24",Panaderia,"PERU FARMA",12.00
816,"8 CHOCO 18X500G",Golosina,BAUDUCCO,13.00
817,"SODA 33 X 20",Golosina,"SAN JORGE",14.00
818,"VAINILLA 33 X 20",Golosina,"SAN JORGE",15.00
819,"SUBLIME GALLETA  12 X 24",Golosina,NESTLE,16.00
820,"SODA V SABOR PLAIN 4 6S DE 6 PAQUETES",Golosina,VICTORIA,17.00
821,"CHOCMAN 14X6X30GR",Golosina,COSTA,18.00
822,"DOS CABALLOS X 12",Golosina,"PERU FARMA",19.00
823,"CHOCMAN CJA X 60",Golosina,COSTA,20.00
824,"PRINGLES ORIGINAL GRANDE X 14 UN X 149 GR.",Golosina,"QUIMICA SUIZA",21.00
825,"M Y M X 48",Abarrotes,"PERU FARMA",22.00
826,"BIG BEN BLANCO LINEAS X 12DP X 24UN",Golosina,LABOCER,0.00
827,"EGGO TOYS X 6DP X 24UN",Golosina,IMPORTADOS,6.50
828,"BIEN KR17ALIM X 8DP X 24UN X 75GR.",Golosina,IMPORTADOS,1.00
829,"LEXUS CHOCOLATE X 8 BL X 100",Abarrotes,IMPORTADOS,2.00
830,"PELOTITAS CHOCOLATE  X1K",Juguetes,"LS ANDINA",3.00
831,"PANETON CHOCOTON Bl X500gr",Golosina,NESTLE,4.00
832,"PULPIN X24 UN",Golosina,AGEPER,5.00
833,"DONOFRIO CAJA",Golosina,NESTLE,6.00
834,"PANETON DONOFRIO LATA",Panaderia,NESTLE,7.00
835,"PANETON BUON NATALE BOLSA X 800GR",Bebida,NESTLE,8.00
836,"PANETON BUON NATALE CAJA 6 X 800GR",Panaderia,NESTLE,9.00
837,"PANETON CHOCOTON MANJAR X500gr",Panaderia,NESTLE,10.00
838,"PANETON CHOCOTON VAINILLA X 500 gr",Panaderia,NESTLE,11.00
839,"PANETON 34 BOLSA  6 X 900GR",Panaderia,SAYON,12.00
840,"PANETON MOTTA CAJA 6  X 750GR",Panaderia,NESTLE,13.00
841,"PANETON 34 CAJA X 6 CJ X900GR",Panaderia,SAYON,14.00
842,"PANETON RICCOS BOLSA  6  X 900 GR",Panaderia,ANDINA,15.00
843,"PANETON BLANCA FLOR BOLSA  X 6  X900 GR",Panaderia,ALICORP,16.00
844,"PANETON BLANCA FLOR CAJA  6 X 900 GR",Panaderia,ALICORP,17.00
845,"LENTEJAS A GRANEL X 1K",Panaderia,NESTLE,18.00
846,"AMBROSITO A GRANEL X500 GR",Panaderia,AMBROSOLI,19.00
847,"TRUFLE  BOLSA",Panaderia,IMPORTADOS,20.00
848,"PALETA PIERO",Golosina,IMPORTADOS,21.00
849,"MOROCHA WAFER X 8 DP X12 UND",Golosina,NESTLE,22.00
850,"AMBROLYPTUS X 500GR",Golosina,AMBROSOLI,23.00
851,"GOMAS LOOP X 5020 GR",Golosina,AMBROSOLI,24.00
852,"MILLOWS ANGELITOS X 200GR",Golosina,IMPORTADOS,25.00
853,"WHOO X 8 DP X 24 UND",Golosina,IMPORTADOS,26.00
854,"SPARKIE LINEA X 32 BL X70 UND",Golosina,MONDELEZ,1.00
855,"PRINCESA BOX x 16 UND",Golosina,NESTLE,2.00
856,"TOFF DE LECHE X 113 UND",Golosina,AMBROSOLI,3.00
857,MILKYWAY,Golosina,IMPORTADOS,4.00
858,"M&M AMARILLO X 48 UND X 49 GR",Golosina,IMPORTADOS,5.00
859,"MAXMELLOWS X 250 GR",Golosina,LABOCER,6.00
860,"PANETON 15 BOLSA X 6 UND X 900GR",Golosina,AMBROSOLI,7.00
861,"PRINCESA BOX 24 X 16 x 8 gr",Golosina,NESTLE,8.00
862,"IMPUESTO BOLSAS PLASTICAS",Golosina,"CORPORACION CARINA",9.00
863,"BUBBLE GUM",Panaderia,IMPORTADOS,10.00
864,"GELATINA POTE X 100",Golosina,IMPORTADOS,11.00
865,"MOMENTS BUTTER COOKIES",Otros,COLOMBINA,12.00
866,"GALLETA TRIANGULO COLMBINA X 252 GR",Golosina,COLOMBINA,13.00
867,"CRYSMELO BLANCO X 20 BL X 335 GR.",Abarrotes,LABOCER,14.00
868,"CHIN CHIN PATICR17A X 24 DP X 8",Golosina,WINTERS,15.00
869,"CASINO BLACK TACO",Golosina,ALICORP,16.00
870,"TIC TAC NARANJA 24 DP X 12",Golosina,YICHANG,17.00
871,"PANETON 40 BL X 900GR",Golosina,WINTERS,18.00
872,"PANETON 40 CJ. X 900GR",Golosina,WINTERS,19.00
873,"MARSHMELLOWS MINI COLOR X 100GR",Golosina,GUANDY,12.50
874,"MELLOWS ANGELITO",Panaderia,GUANDY,0.00
875,"PANETON DONOFRIO  BL X 900 GR.",Panaderia,NESTLE,0.00
876,"SORRENTO  X 20",Golosina,NESTLE,0.00
877,"DORE X 24 PK X 6",Golosina,NESTLE,0.00
878,"SUBLIME BOX X 20 UN",Panaderia,NESTLE,19.50
879,"PANETON DONOFRIO BL X 900GR",Golosina,NESTLE,21.00
880,"LENTEJA SOBRE X 24 DP X 24",Golosina,NESTLE,2.50
881,"PANETON B. NATALE  BL X 900 GR.",Golosina,NESTLE,0.00
882,"DORE FAM. X 27 UN X 230 GR.",Panaderia,NESTLE,0.00
883,"TRIANGULO SENSA. X 24 DP X 9",Golosina,NESTLE,9.80
884,"TRIANGULO BARRA X 200GRMS",Panaderia,NESTLE,14.50
885,"PANETON CHOCOTON X 500gr",Golosina,NESTLE,3.00
886,"SUBLIME WAF.POW. X 27 PK X 6",Golosina,NESTLE,14.00
887,"SUBLIME CLASICO X 27 DP X 24",Golosina,NESTLE,0.00
888,"LENTEJA CAJA X 24 DP X 20",Panaderia,NESTLE,14.00
889,"SUBLIME ALM.BAR. X 27 DP X 10",Golosina,NESTLE,5.00
890,"TRIANGULO CLAS.  22X30gr",Golosina,NESTLE,24.00
891,"BESO DE MOZA X 20und",Golosina,NESTLE,16.00
892,"PRINCESA BOLSA18X18X8GR",Golosina,NESTLE,17.00
893,"MOROCHAS SNACK 8 TR X 8",Golosina,NESTLE,24.00
894,"PANETON DONOFRIO CJA X 900GR",Golosina,NESTLE,14.50
895,"PRINCESA BARRA X 20",Golosina,NESTLE,0.00
896,"MOROCHAS  PK X 8",Golosina,NESTLE,7.00
897,"SUBLIME GALLETA X 24",Panaderia,NESTLE,0.00
898,"SUBLIME DUO  X 24",Golosina,NESTLE,21.00
899,"SUBLIME SONRISA BLANCO x 12",Golosina,NESTLE,5.50
900,"TRIANGULO MARMOLEADO  X 22",Golosina,NESTLE,0.00
901,"BOMBON MULTI6 X 15 BL X 45",Golosina,NESTLE,16.00
902,"SUBLIME EXTR17O X 24 DP X 12",Golosina,NESTLE,15.00
903,"SUBLIME STICK X 28 DP X 30",Golosina,NESTLE,24.00
904,"KIT KAT 12X41.5GRMS",Golosina,NESTLE,15.00
905,"MOROCHA TACO X 56 UN X 75 GR.",Golosina,NESTLE,21.00
906,"PRINCESA BARRA Blanco. X 28 DP X 20",Golosina,NESTLE,17.50
907,"Princesa  blanco bl X 18 UND",Golosina,NESTLE,0.00
908,"SUBLIME SONRISA X 24 DP X 20",Golosina,NESTLE,2.00
909,"PRINCESA CORAZON 21X18X8GR",Golosina,NESTLE,20.00
910,"SUBLIME DOY 6 X144GR",Golosina,NESTLE,0.00
911,"SUBLIME BITTER X 12",Golosina,NESTLE,25.00
912,"TRIANGULO DOY 6 18X8GR",Golosina,NESTLE,0.00
913,"MOROCHA BARQUILLO STICK X 14 PK X 6",Golosina,NESTLE,0.00
914,"MOROCHA WAFER X 27 PK X 6",Golosina,NESTLE,0.00
915,"MOROCHA WAFER XL  DP X 12",Golosina,NESTLE,0.00
916,"PANETON BUON NATALE CJ X 800GR",Golosina,NESTLE,5.50
917,"PANETON MOTTA X750GR",Golosina,NESTLE,3.50
918,"KIT KAT PAPA NOEL X 174GR",Golosina,NESTLE,9.00
919,"OREO VAINILLA X 28 PK X 6",Panaderia,MONDELEZ,0.00
920,"HALLS ROJO X 30 DP X 12",Panaderia,MONDELEZ,0.00
921,"HALLS AZUL X 30 DP X 12",Golosina,MONDELEZ,0.00
922,"HALLS NEGRO X 30 DP X 12",Golosina,MONDELEZ,0.00
923,"HALLS MORA X 30 DP X 12",Golosina,MONDELEZ,8.50
924,"HALLS SANDIA X 30 DP X 12",Golosina,MONDELEZ,8.50
925,"HALLS FRUIT-MIX X 30 DP X 12",Golosina,MONDELEZ,8.50
926,"CHICLETS adams X 100",Golosina,MONDELEZ,8.50
927,"BUBBALOO CEREZA X 32 DP X 70",Golosina,MONDELEZ,8.50
928,"BUBBALOO FRESA X 32 DP X 70",Golosina,MONDELEZ,8.50
929,"BUBBALOO BANANA X 32 DP X 70",Golosina,MONDELEZ,9.00
930,"BUBBALOO RETO ACIDO X 32 DP X 70",Golosina,MONDELEZ,7.50
931,"CHICLETS ADAMS X 50",Golosina,MONDELEZ,7.50
932,"BUBBALOO FRUTA X 32 DP X 70",Golosina,MONDELEZ,7.50
933,"BUBBALOO ZOMBIES X 32 DP X 70",Golosina,MONDELEZ,7.50
934,"CLOREST X 54 DP X 100",Golosina,MONDELEZ,14.00
935,"CLOREST X 50 PD X 20",Golosina,MONDELEZ,7.50
936,"CREAM CRACKER X 60 UN X 73.5 GR.",Golosina,MONDELEZ,7.50
937,"CREAM CRACKER X 28 PK X 6",Golosina,MONDELEZ,10.00
938,"CREAM CRACKER FAM. X 24 UN X 295 GR.",Golosina,MONDELEZ,14.00
939,"CHOCOSODA X 32 PK X 6",Golosina,MONDELEZ,1.00
940,"OREO FRESA X 28 PK X 6",Golosina,MONDELEZ,0.00
941,"CLOREST MASTIC. MENTA X 20 DP X 20",Golosina,MONDELEZ,2.80
942,"OREO ROLLO FRESA X 30 RL X 126 GR.",Golosina,MONDELEZ,3.50
943,"HALLS SILVERMINT X 30 BL X 100",Golosina,MONDELEZ,0.00
944,"HALLS SILVERMINT X 30 DP X 12",Golosina,MONDELEZ,7.50
945,"OREO CARAMELO X 28 PK X 6",Golosina,MONDELEZ,1.50
946,"DO�A PEPA 6 X 6",Golosina,MONDELEZ,7.00
947,"DO�A PEPA 6 36X6X23GR",Golosina,MONDELEZ,8.50
948,"RITZ PLAIN X 24 PK X 6",Golosina,MONDELEZ,0.00
949,"RITZ QUESO X 20 PK X 6",Golosina,MONDELEZ,0.00
950,"RITZ TACO X 64 UN X 67 GR.",Golosina,MONDELEZ,0.00
951,"VAINILLA FIELD X 24 PK X 6",Golosina,MONDELEZ,2.50
952,"VAINILLA FIELD FAM. X 32 UN X 147 GR.",Golosina,MONDELEZ,3.00
953,"SODA FIELD ORIGINAL X 6",Golosina,MONDELEZ,0.75
954,"SODA FIELD CJA 36X6",Golosina,MONDELEZ,3.00
955,"SODA FIELD FAMILIAR X 28 UN X 140 GR.",Golosina,MONDELEZ,1.50
956,"CLUB SOCIAL REG. X 32 PK X 6",Golosina,MONDELEZ,2.00
957,"OREO ROLLO REGULAR X 30 RL X 126 GR.",Golosina,MONDELEZ,0.00
958,"TRAVESURA X 7 TIRAS X 8",Golosina,MONDELEZ,1.50
959,"CHARADA CHOC. X 28 PK X 6",Golosina,MONDELEZ,2.50
960,"GRANUTS MANI C/PASAS X 8 DP X 12",Golosina,WINTERS,1.50
961,"GRANUTS MANI C/ARANDANOS X 8 DP X 12",Golosina,WINTERS,1.00
962,"GRANUTS PARTY MIX X 8 DP X 12",Golosina,WINTERS,3.00
963,"40 KR17ANI X 6 DP X 12",Golosina,WINTERS,0.00
964,"40 FLOW X 12 DP X 6",Golosina,WINTERS,0.00
965,"COFFE DELIGHT X 18 BL X 100",Golosina,COLOMBINA,0.00
966,"MILLOWS CARITAS/FIGURITAS X 12 BL X 145 GR.",Golosina,COLOMBINA,0.00
967,"MILLOWS CAPUCHINO INDV. X 8 BL X 50",Golosina,COLOMBINA,0.00
968,"MILLOWS OSO X 8 BL X 50",Golosina,COLOMBINA,0.00
969,"MOMENTS BUTTER COOKIES 280GRM",Golosina,COLOMBINA,0.00
970,"MILLOWS FOGATA X 12 BL X 145 GR.",Golosina,COLOMBINA,5.00
971,"MILLOWS CORAZON X 8 BL X 50",Golosina,COLOMBINA,0.00
972,"GRISSLY GUSANOS 12 DP X 12",Golosina,COLOMBINA,0.00
973,"GRISSLY OSO 12 DP X 12",Golosina,COLOMBINA,0.00
974,"MILLOWS  MARGARITA X 12 BL X 145 GR.",Golosina,COLOMBINA,0.00
975,"MILLOWS ARCOIRIS X 12 BL X 145 GR.",Golosina,COLOMBINA,0.00
976,"MILLOWS CREAM INDV. X 8 BL X 50",Golosina,COLOMBINA,0.00
977,"B.B.B. FRUIT PUNCH X 15 BL X 24",Golosina,COLOMBINA,0.00
978,"B.B.B. MARACUFRESA X 15 BL X 24",Golosina,COLOMBINA,0.00
979,"MILLOWS CILINDRO BLANCO X 12 BL X 145 GR.",Golosina,COLOMBINA,5.00
980,"MILLOWS SURTIDO X 12 BL X 145 GR.",Golosina,COLOMBINA,0.00
981,"MILLOWS BLANCO X 300GR",Golosina,COLOMBINA,0.00
982,"WAFER COL.IND FRE. X 24 PK X 24",Golosina,COLOMBINA,0.00
983,"WAFER COL.IND CHC. X 24 PK X 24",Golosina,COLOMBINA,0.00
984,"WAFER COL.IND VNL. X 24 PK X 24",Golosina,COLOMBINA,0.00
985,"NUCITA X 24 DP X 12",Golosina,COLOMBINA,3.50
986,"BON BON BUM  SURTIDO X 24",Golosina,COLOMBINA,3.50
987,"BON BON BUM  FRESA X 24",Golosina,COLOMBINA,3.50
988,"GALLETA DE MANTEQUILLA 252GR ARBOLITO",Golosina,COLOMBINA,3.50
989,"SURTIDO 11 X 200GR",Golosina,COLOMBINA,0.00
990,"FITNESS AJONJOLI",Golosina,NESTLE,0.00
991,"DUCALES TACO  X 330 GR.",Golosina,WINTERS,0.00
992,"CORONITA CHOC  X 6",Golosina,MONDELEZ,0.00
993,"OREO COOKIES AND CREAM X 28 PK X 6",Golosina,MONDELEZ,0.00
994,"HALLS ROJO X 30 BL X 100",Golosina,MONDELEZ,0.00
995,"HALLS AZUL X 30 BL X 100",Golosina,MONDELEZ,3.00
996,"HALLS NEGRO X 30 BL X 100",Golosina,MONDELEZ,0.00
997,"HALLS MORA X 30 BL X 100",Golosina,MONDELEZ,7.00
998,"TRIDENT MENTA X 30 DP X 18",Golosina,MONDELEZ,7.00
999,"TRIDENT MORA X 30 DP X 18",Golosina,MONDELEZ,7.00
1000,"TRIDENT SANDIA X 30 DP X 18",Golosina,MONDELEZ,7.00
1001,"TRIDENT TROPICAL X 30 DP X 18",Golosina,MONDELEZ,11.50
1002,"TRIDENT FRESHMINT X 30 DP X 18",Golosina,MONDELEZ,11.50
1003,"TRIDENT FRESH HERBAL X 30 DP X 18",Golosina,MONDELEZ,11.50
1004,"SPARKIES X 24 DP X 20",Golosina,MONDELEZ,11.50
1005,"BIG BEN AZUL CHOCOLATE X 18 BL X 100",Golosina,LABOCER,11.50
1006,"GRAN BIG BEN SURTIDO X 18 BL X 100",Golosina,LABOCER,11.50
1007,"OKA LOKA NANOS X 12 DP X 12",Golosina,LABOCER,13.50
1008,"BIG BEN CAF� GOURMET X 18 BL X 100",Golosina,LABOCER,5.50
1009,"BIG BEN BLANCO X 18 BL X 100",Golosina,LABOCER,8.00
1010,"NEX LIMON X 12 DP X 24",Golosina,LABOCER,0.00
1011,"NEX MENTA X 12 DP X 24",Golosina,LABOCER,8.00
1012,"BARRILETE X 18 BL X 50",Golosina,LABOCER,5.50
1013,"NEX FRESA X 12 DP X 24",Golosina,LABOCER,5.00
1014,"SPLOT BOLA X 16 BL X 10",Golosina,COLOMBINA,5.00
1015,"SPLOT ACIDOX5 X 18 DP X 24",Golosina,COLOMBINA,0.00
1016,"SPLOT DIVER TATTOO2 X 18 DP X 120",Golosina,COLOMBINA,5.00
1017,"HUEVO CANCUN",Golosina,COSTA,0.00
1018,"HUEVO FRUGELE",Golosina,AMBROSOLI,0.00
1019,"ANIMALITO X 3 BL X 1 KG.",Golosina,"SAN JORGE",0.00
1020,"AGUA PEBESAL X 450 GR.",Golosina,"SAN JORGE",0.00
1021,"MUNICION X 8 BL X 450 GR.",Golosina,"SAN JORGE",0.00
1022,"COCONUT X 8 BL X 450 GR.",Golosina,"SAN JORGE",5.00
1023,"FRUTA MIXTA X 8 BL X 450 GR.",Golosina,"SAN JORGE",0.00
1024,"SODA GOURMET X 12 PK X 250 GR.",Golosina,"SAN JORGE",4.00
1025,"MINI  GN RELLE. FRESA  BL X 50",Golosina,"SAN JORGE",4.00
1026,"MINI GN RELLE. COCO  X 50",Golosina,"SAN JORGE",4.00
1027,"MINI GN RELLE. CHOCOLATE  BL X 50",Golosina,"SAN JORGE",1.50
1028,"BLACK OUT CHOCOLATE X 8 PK X 4",Golosina,"SAN JORGE",6.00
1029,"BLACKOUT MENTA X 8 PK X 4",Golosina,"SAN JORGE",6.00
1030,"COCONUT X 25 BL X 55 GR.",Golosina,"SAN JORGE",6.00
1031,"FRUTA MIXTA X 25 BL X 55 GR.",Golosina,"SAN JORGE",2.50
1032,"LONCHERITA MUNICION X 25 BL X 55 GR.",Golosina,"SAN JORGE",2.50
1033,"PANETON POESSIAX500GR",Golosina,"SAN JORGE",0.60
1034,"PANETON POESSIA 6X500GR",Golosina,"SAN JORGE",0.60
1035,"RELLENITA GN COCO X 5 PK X 8",Golosina,"SAN JORGE",0.60
1036,"RELLENITA GN CHOCOLATE X 5 PK X 8",Panaderia,"SAN JORGE",0.00
1037,"RELLENITA GN FRESA X 5 PK X 8",Panaderia,"SAN JORGE",0.00
1038,"RELLENITA GN LIMON X 5 PK X 8",Golosina,"SAN JORGE",2.20
1039,"RELLENITA GN MENTA X 5 PK X 8",Golosina,"SAN JORGE",2.20
1040,"RELLENITA GN CHOCOFRESA X 5 PK X 8",Golosina,"SAN JORGE",2.20
1041,"PANETON 33 900GR",Golosina,"SAN JORGE",2.20
1042,"PANETON 33 6X900GR",Golosina,"SAN JORGE",2.20
1043,"PANETON GIORGINO BOLSA X 800 GR",Golosina,"SAN JORGE",2.20
1044,"CHAMPIONS X 20 UN X 60 GR.",Panaderia,"SAN JORGE",0.00
1045,"VAINILLA 33 FAM. X 20 UN X 120 GR.",Panaderia,"SAN JORGE",0.00
1046,"ANIMALITO X 4 BL X 500 GR.",Panaderia,"SAN JORGE",0.00
1047,"SODA 33 FAM. 20 UN X 85 GR.",Golosina,"SAN JORGE",0.50
1048,"ANIMALITO X 10 BL X 150 GR.",Golosina,"SAN JORGE",1.00
1049,"SODA 33   PK X 7",Golosina,"SAN JORGE",2.50
1050,"CRACKNEL ORIGINAL X 20 UN X 140 GR.",Golosina,"SAN JORGE",1.00
1051,"WINDOW X 20 PK X 6",Golosina,"SAN JORGE",1.00
1052,"CRACKNEL INTEGRAL X 20 UN X 185 GR.",Golosina,"SAN JORGE",3.00
1053,"MINI CHIPS AHOY X 6 TIRAS X 8",Golosina,MONDELEZ,1.20
1054,"CUA CUA RELAU X 6 DP X 30",Golosina,MONDELEZ,2.50
1055,"MINI CUACUA X 6 TIRAS X 8",Golosina,MONDELEZ,1.20
1056,"OREO ORIGINAL X 28 PK X 6",Golosina,MONDELEZ,1.00
1057,"OREO CHOCOLATE X 28 PK X 6",Golosina,MONDELEZ,14.00
1058,"DO�A PEPA X 6 DP X 30",Golosina,MONDELEZ,1.00
1059,"MINI RITZ X 7 TIRAS X 8",Golosina,MONDELEZ,3.00
1060,"CHiPS AHOY X 24 PK X 6",Golosina,MONDELEZ,0.00
1061,"CUA CUA 24X9X18G",Golosina,MONDELEZ,14.00
1062,"HUEVITO CON-ENV X 20 X 55 UN.",Golosina,TROME,1.00
1063,"BOLICINCO X 20 BL X 30",Golosina,TROME,5.00
1064,"HUEVITO SIN-ENV X 20 X 55 UN.",Golosina,TROME,0.00
1065,"WAZZU X 20 PK X 6",Golosina,ALICORP,3.60
1066,"WAZZU X 8 DP X 20",Golosina,ALICORP,2.20
1067,"CHOMP CHOC. X 8 PK X 6",Golosina,ALICORP,3.50
1068,"CHOMP NARANJA X 8 PK X 6",Golosina,ALICORP,2.50
1069,"DIVAS X 8 PK X 6",Golosina,ALICORP,8.00
1070,"AGUA 38 X 20 UN X 150 GR.",Golosina,ALICORP,2.50
1071,"GLACITAS FRESA X 8 PK X 6",Golosina,ALICORP,2.50
1072,"GLACITAS TOFFEE X 8 PK X 6",Golosina,ALICORP,2.50
1073,"GLACITAS CHOC. X 8 PK X 6",Bebida,ALICORP,1.00
1074,"GLACITAS CHOCONIEVE X 8 PK X 6",Golosina,ALICORP,2.80
1075,"SODA 38 X 36 PK X 6",Golosina,ALICORP,2.80
1076,"TEJANA L X 500 GR.",Golosina,SAYON,2.80
1077,"SODA 34 X 12 PK X 250 GR.",Golosina,SAYON,3.00
1078,"INTEGRACKERS QUINUA X 5 PK X 9",Golosina,ALICORP,2.00
1079,"CHICHA 34 X 20 BL X 110",Golosina,SAYON,7.50
1080,"PERITA 34 X 20 BL X 100",Golosina,SAYON,1.00
1081,"YOGURT SUAK FRESA X 20 BL X 100",Golosina,SAYON,4.00
1082,"TENTACI�N CHOCOLATE X 8 PK X 6",Golosina,ALICORP,3.50
1083,"TENTACI�N VAINILLA X 8 PK X 6",Golosina,ALICORP,3.50
1084,"TENTACI�N NARANJA X 8 PK X 6",Abarrotes,ALICORP,3.50
1085,"TENTACI�N COCO X 8 PK X 6",Golosina,ALICORP,2.50
1086,"INTEGRACKERS MIEL X 5 PK X 9",Golosina,ALICORP,2.50
1087,"INTEGRACKERS SALVADO TRIGO X 5 PK X 9",Golosina,ALICORP,2.50
1088,"LIMON 34 X 16 BL X 120",Golosina,SAYON,2.50
1089,"BAMBI 34 X 20 BL X 120",Golosina,SAYON,4.00
1090,"MARGARITA TUBO X 20 UN X 110 GR.",Golosina,ALICORP,4.00
1091,"MINI KRAPS X 12 UN X 60 GR.",Golosina,ALICORP,3.50
1092," CHOCOLATE  TAZA X 12 BLANCA FLOR",Golosina,ALICORP,3.50
1093,"CASINO VAINILLA X 8 PK X 6",Golosina,ALICORP,0.80
1094,"CASINO MENTA X 8 PK X 6",Golosina,ALICORP,0.80
1095,"CASINO CHOCOLATE X 8 PK X 6",Golosina,ALICORP,0.00
1096,"CASINO FRESA X 8 PK X 6",Golosina,ALICORP,2.80
1097,"CASINO LUCMA X 8 PK X 6",Golosina,ALICORP,2.80
1098,"CASINO COCO X 8 PK X 6",Golosina,ALICORP,2.80
1099,"CASINO ALFAJOR X 8 PK X 6",Golosina,ALICORP,2.80
1100,"MARGARITA TUBO X 20 UN X 163 GR.",Golosina,ALICORP,2.80
1101,"MARGARITA X 8 PK X 6",Golosina,ALICORP,2.80
1102,"MINI GLACITAS CHOC. X 12 UN X 60 GR.",Golosina,ALICORP,2.80
1103,"MINI CHOCOBUM POP X 12 UN X 60 GR.",Golosina,ALICORP,1.00
1104,"MINI MARGARITA X 12 UN X 60 GR.",Golosina,ALICORP,2.50
1105,"MARQUESITA VAINILLA X 8 PK X 6",Golosina,ALICORP,0.80
1106,"MARQUESITA NARANJA X 8 PK X 6",Golosina,ALICORP,0.80
1107,"MARQUESITA COCO X 8 PK X 6",Golosina,ALICORP,0.80
1108,"SODA V SABOR PLAIN X 6",Golosina,VICTORIA,2.50
1109,"MINI GLACITAS TOFFEE X 12 UN X 60 GR.",Golosina,ALICORP,2.50
1110,"MINI CHOMP CHOC. X 12 UN X 80 GR.",Golosina,ALICORP,2.50
1111,"MINI CHOMP NARANJA X 12 UN X 80 GR.",Golosina,ALICORP,0.00
1112,"CHOCO V X 6 UND",Golosina,VICTORIA,0.80
1113,"CHOCOBUM X 8 PK X 6",Golosina,ALICORP,0.80
1114,"RELLENITA GN MERMELADA X 5 PK X 8",Golosina,"SAN JORGE",0.80
1115,"PANETON RICCOS BOLSA X900GR",Golosina,ANDINA,0.00
1116,"MUSS X 12 DP X 24",Golosina,CREMINO,2.80
1117,"RELLENITO MOTTA X 8 TR X 6",Golosina,CREMINO,2.20
1118,"PANETON RICCOS CJX 900GR",Panaderia,ANDINA,0.00
1119,"OLD ENGLAND TOFFEE CHOCO. X 20 BL X 80",Golosina,AMBROSOLI,9.50
1120,"OLD ENGLAND TOFFEE SURTIDO X 20 BL X 80",Golosina,AMBROSOLI,4.80
1121,"OLD ENGLAND TOFFEE MINT X 20 BL X 80",Panaderia,AMBROSOLI,0.00
1122,"MECANO MANJAR  DP X 32",Golosina,COSTA,5.50
1123,"FRUNA X 25 DP X 40",Golosina,AMBROSOLI,5.50
1124,"DIENTES X 50UND",Golosina,AMBROSOLI,5.50
1125,"COCOROCO PERITA X 10 BL X 100",Golosina,AMBROSOLI,11.50
1126,"COCOROCO LIMON X 10 BL X 100",Golosina,AMBROSOLI,9.00
1127,"MELLOWS SURTIDO CAJA X 10 BL X 230 GR.",Golosina,AMBROSOLI,0.00
1128,"POKEKE X 10 DP X 12",Golosina,COSTA,4.50
1129,"GRAN CEREAL CACAO X 16 PK X 6",Golosina,COSTA,4.50
1130,"GRAN CEREAL CLASICA X 16 PK X 6",Golosina,COSTA,2.80
1131,"CARITAS X 16 PK X 6",Golosina,COSTA,5.00
1132,"CHOCODOONUTS REGALO X 16 UN",Golosina,COSTA,3.50
1133,"SUPER RELLENAZO X 18 BL X 100",Golosina,AMBROSOLI,3.50
1134,"DIVERTILOLY X 10 BL X 5 TR",Golosina,AMBROSOLI,2.50
1135,"PALETA PINTA LENGUA X 25 UN",Golosina,AMBROSOLI,5.00
1136,"PALETAS CALABAZA X 25 UN",Golosina,AMBROSOLI,5.00
1137,"ARBOLITO X 25 BL X 60",Golosina,AMBROSOLI,6.00
1138,"BON AMI LICOR X 18 BL X 100",Golosina,AMBROSOLI,0.00
1139,"GALLETA SURT 15 LATA X 452 GR",Golosina,COSTA,0.00
1140,"PICOLINES X 6 BL X 5 TR",Golosina,AMBROSOLI,3.50
1141,"TRIFRUNA  BL X 70",Golosina,AMBROSOLI,5.00
1142,"MENTITAS MASTICRUNCH X 6 DP X 20",Golosina,AMBROSOLI,0.00
1143,"FULL MASTICRUNCH X 6 DP X 20",Golosina,AMBROSOLI,7.50
1144,"FRUNA MASTICRUNCH X 21 DP X 20",Golosina,AMBROSOLI,5.00
1145,"CHOCODONUTS CRUNCH X 14 PK X 6",Golosina,COSTA,5.50
1146,"FRUGELEx20  X 100",Golosina,AMBROSOLI,5.50
1147,"AMBROSIA X 16 DP X 12",Golosina,AMBROSOLI,5.50
1148,"AMBROSIA X 20 BL X 480 GR.",Golosina,AMBROSOLI,2.70
1149,"FRUTINA X 28 BL X 60",Golosina,AMBROSOLI,5.00
1150,"FRUTINA LIMON X 28 BL X 60",Golosina,AMBROSOLI,5.50
1151,"AMBROSIA 480GRM",Golosina,AMBROSOLI,6.00
1152,"NOCAUT X 12 DP X 12",Golosina,COSTA,3.30
1153,"CEREAL BAR DURAZNO X 8 DP X 12",Golosina,COSTA,3.30
1154,"WAFER CLAS. LUCMA X 28 UN X 140 GR.",Golosina,COSTA,0.00
1155,"WAFER CLAS. FRESA X 28 UN X 140 GR.",Golosina,COSTA,0.00
1156,"WAFER CLAS. CHOCOLATE X 28 UN X 140 GR.",Golosina,COSTA,5.00
1157,"WAFER CLAS. VAINILLA X 28 UN X 140 GR.",Golosina,COSTA,1.80
1158,"FULL CHERRY X 6 DP X 24",Golosina,AMBROSOLI,1.80
1159,"HUEVO DE PASCUA",Golosina,AMBROSOLI,1.80
1160,"AMBROSITO X 16 DP X 12",Golosina,AMBROSOLI,1.80
1161,"BANDERITAS X 25 BL X 80",Golosina,AMBROSOLI,9.00
1162,"CALIPTUS MENTOL X 16 DP X 12",Golosina,AMBROSOLI,0.00
1163,"CALIPTUS CHERRY X 16 DP X 12",Golosina,AMBROSOLI,5.50
1164,"CANCUN X 12 DP X 24",Golosina,COSTA,3.00
1165,"OH-CARAMELO X 13 BL X 100",Golosina,AMBROSOLI,5.50
1166,"CANCUN BIZCOCHO X 14 PK X 6",Golosina,COSTA,5.50
1167,"FULL MANDARINA X 6 DP X 24",Golosina,AMBROSOLI,9.00
1168,"VIZZIO SOBRE X 10 DP X 20",Golosina,COSTA,8.50
1169,"VIZZIO X 60 UN X 72 GR.",Golosina,COSTA,2.50
1170,"VIZZIO ESTUCHE X 12 UN X 131 GR.",Golosina,COSTA,9.00
1171,"VIZZIO LATA X 12 UN X 182 GR.",Golosina,COSTA,13.00
1172,"FULL LIMON X 6 DP X 24",Golosina,AMBROSOLI,3.30
1173,"GRETEL MANJAR X 16 PK X 6",Golosina,COSTA,6.50
1174,"GRETEL CHOCOLATE X 16 PK X 6",Golosina,COSTA,12.50
1175,"OBSECI�N X 9 DP X 12",Golosina,COSTA,9.00
1176,"MENTITAS X 6 DP X 24",Golosina,AMBROSOLI,2.70
1177,"AFRICAMELLOWS X 4 TR X 6",Golosina,AMBROSOLI,2.70
1178,"MINI MELLOWS X 11 DP X 12",Golosina,AMBROSOLI,5.00
1179,"FRAC CHOCOLATE X 12 PK X 6",Golosina,COSTA,9.00
1180,"FRAC CLASICA X 12 PK X 6",Golosina,COSTA,5.00
1181,"FRAC VAINILLA X 12 PK X 6",Golosina,COSTA,4.50
1182,"GRAN VALS 90GRM",Golosina,COSTA,2.70
1183,"HUEVO LOOP",Golosina,AMBROSOLI,2.70
1184,"OLD ENGLAND TOFFEE SURT.GIRAFA X 18 BL X 90",Golosina,AMBROSOLI,2.70
1185,"BON AMI FRUTA X 18 BL X 100",Golosina,AMBROSOLI,0.00
1186,"CAREZZA X 16 DP X 20",Golosina,COSTA,0.00
1187,"CHAPULIN TUTTI X 25 BL X 25",Golosina,AMBROSOLI,0.00
1188,"BIAGI X100",Golosina,AMBROSOLI,5.00
1189,"CHAPULIN SURTIDO X 25 BL X 25",Golosina,AMBROSOLI,16.00
1190,"CARAMELOS AMBRUJOS",Golosina,AMBROSOLI,4.50
1191,"FRUGELE AMBRUJOS X70UN",Golosina,AMBROSOLI,0.00
1192,"AGUA LIGHT X 21 UN X 210 GR.",Golosina,COSTA,4.50
1193,"SODA LIGHT X 21 UN X 180 GR.",Golosina,COSTA,0.00
1194,"AGUA LIGHT X 12 PK X 6",Golosina,COSTA,0.00
1195,"SODA LIGHT X 12 PK X 6",Golosina,COSTA,2.00
1196,"ARBOLITO NAV. AMB. X 30BL X 200 GR.",Golosina,AMBROSOLI,2.00
1197,"CRACKELET ORIGINAL X 6 TR X 6",Golosina,COSTA,2.50
1198,"CRACKELET QUESO X 6 TR X 6",Golosina,COSTA,2.50
1199,"CRACKELET JAMON X 6 TR X 6",Golosina,COSTA,0.00
1200,AMBROMELLOWS,Golosina,AMBROSOLI,4.50
1201,"CANCUN GALLETA X 12 PK X 6",Golosina,COSTA,4.50
1202,"CEREAL BAR CHIPS X 8 DP X 12",Golosina,COSTA,4.50
1203,"CEREAL BAR CHOC. X 8 DP X 12",Golosina,COSTA,0.00
1204,"CEREAL BAR GOLDEN X 8 DP X 12",Golosina,COSTA,2.60
1205,"CEREAL BAR MANZANA X 8 DP X 12",Golosina,COSTA,5.00
1206,"CA�ONAZO X 8 DP X 24",Golosina,COSTA,5.00
1207,"CHOCODONUTS LECHE X 14 PK X 6",Golosina,COSTA,5.00
1208,"TUYO X 10 DP X 20",Golosina,COSTA,5.00
1209,"TUYO X 16 PK X 6",Golosina,COSTA,8.00
1210,"CA�ONAZO EXTRA X 6 DP X 12",Golosina,COSTA,2.70
1211,"FRAC MENTA X 12 PK X 6",Golosina,COSTA,7.00
1212,"LOOP AGRANEL X 480GMS",Golosina,AMBROSOLI,2.50
1213,"FRAC BA�ADA X 30",Golosina,COSTA,8.00
1214,"MONEDAS AMBRUJOS X 50",Golosina,COSTA,2.70
1215,"FRUNA BLOCKS X20UNDS",Golosina,AMBROSOLI,0.00
1216,"BASTONES DE NAVIDAD X 144 GR",Golosina,AMBROSOLI,0.00
1217,"6 NAVIDE�O SURT",Golosina,COSTA,0.00
1218,"MINI PANETON 15 JO JO X 90GR",Golosina,COSTA,0.00
1219,"CHOCODONUTS REGALO X 222gr",Golosina,COSTA,0.00
1220,"HUEVO VIZZIO",Golosina,COSTA,0.00
1221,"HUEVO PA�UELO CAREZZA",Panaderia,COSTA,0.00
1222,"HUEVO FRAC",Golosina,COSTA,0.00
1223,"HUEVITO CAREZZA",Golosina,COSTA,0.00
1224,"CHOCMAN DOBLE MANJAR X 6",Golosina,COSTA,0.00
1225,"OBLEA CHOC X 124 GR",Golosina,AMBROSOLI,0.00
1226,"CARITAS FIESTA X 40 UN",Golosina,COSTA,0.00
1227,"FIESTA 5 X 1 KG",Golosina,AMBROSOLI,0.00
1228,"GAJO LIMON X 20 BL X 100",Golosina,AMBROSOLI,0.00
1229,"GAJO SURTIDO X 20 BL X 100",Golosina,AMBROSOLI,0.00
1230,"CHOCMAN  PK X 6",Golosina,COSTA,0.00
1231,"NIK GRANDE VAINILLA X 6 PK X 6",Golosina,COSTA,0.00
1232,"NIK GRANDE CHOC. X 6 PK X 6",Golosina,COSTA,0.00
1233,"NIK GRANDE FRESA X 6 PK X 6",Golosina,COSTA,2.50
1234,"NIK FRESA 12X6",Golosina,COSTA,5.00
1235,"NIK CHOCOLATE X 12 PK X 6",Golosina,COSTA,5.00
1236,"QUE LOCO X 10 DP X 20",Golosina,AMBROSOLI,5.00
1237,"NIK VAINILLA X 12 PK X 6",Golosina,COSTA,2.30
1238,"CHIPS CHOCOLATE X 12 PK X 6",Golosina,COSTA,2.30
1239,"PANETON 18 CJ X900GR",Golosina,GLORIA,8.00
1240,"PANETON 18 BLX900GR",Golosina,GLORIA,2.30
1241,"PANETON TODINNO CHOCOLATO X 500GR",Golosina,TODINO,2.70
1242,"PANETON TODDINO DUO",Panaderia,TODINO,0.00
1243,"CHOCO YOGURT X 60 TR X 8",Panaderia,"2 CERRITOS ",0.00
1244,"MAN� CHOC. X 60 TR X 8",Panaderia,"2 CERRITOS ",0.00
1245,"PASAS CHOC. X 60 TR X 8",Panaderia,"2 CERRITOS ",0.00
1246,"PASAS BORRACHAS X 60 TR X 8",Golosina,"2 CERRITOS ",0.00
1247,"PELOTITA CHOC. X 30 BL X 100UN",Golosina,"2 CERRITOS ",0.00
1248,"PASAS CON CHOCOLATE288GRM",Golosina,"2 CERRITOS ",0.00
1249,"PASAS BORRACHAS288GRM",Golosina,"2 CERRITOS ",0.00
1250,"MANI CON CHOCOLATE 288GRM",Golosina,"2 CERRITOS ",9.00
1251,"MONEDAS UN SOL X 40 BL X 250 GR.",Golosina,"2 CERRITOS ",0.00
1252,"PAPA GRANDE X 13 BL X 180 GR.",Golosina,PEPSICO,0.00
1253,"TORTIS NATURAL X 11 TR X 12 (0.70)",Golosina,PEPSICO,0.00
1254,"TORTIS PICANTE X 11 TR X 12 (0.70)",Golosina,PEPSICO,9.00
1255,"CHIZON   X 200 GR.",Golosina,PEPSICO,8.00
1256,"PIQUEOS X 12 TR X 12 (0.70)",Golosina,PEPSICO,7.00
1257,"PIQUEO GRANDE X 10 BL X 225 GR.",Golosina,PEPSICO,7.00
1258,"BESO DE MOZA X 24 DP X 9",Golosina,NESTLE,5.00
1259,"TIKYS MERENGUITOS X 37 UN X 60 GR.",Golosina,WINTERS,7.00
1260,"MUSTAF� X 16 DP X 28",Golosina,WINTERS,8.00
1261,"MAXI TOFFEE X 10 BL X 50",Golosina,WINTERS,8.00
1262,"PANETON 40",Golosina,WINTERS,0.00
1263,"PICARAS CHOCO. EXTR17O X 8 PK X 6",Golosina,WINTERS,0.00
1264,"PICARAS FRESA X 8 PK X 6",Golosina,WINTERS,0.00
1265,"PICARAS CLASICA X 8 PK X 6",Panaderia,WINTERS,0.00
1266,"PICARAS CAPPUCCINO X 8 PK X 6",Golosina,WINTERS,0.00
1267,"MAXI MANI X 20 DP X 24",Golosina,WINTERS,0.00
1268,"CHIN CHIN CHOCO PALETON X 12 DP X 20",Golosina,WINTERS,3.50
1269,"PICARAS XL CLASICA X 12 PK X 4",Golosina,WINTERS,0.00
1270,"CHIN CHIN SOBRE X 24 DP X 24",Golosina,WINTERS,0.00
1271,"CHIN CHIN CAJITA X 24 DP X 16",Golosina,WINTERS,0.00
1272,"MINI CHIN CHIN X 16 BL X 32",Golosina,WINTERS,0.00
1273,"CHIN CHIN CHOCO AVENTURA X 14 TR X 6",Golosina,WINTERS,0.00
1274,"MINI PICARAS X 14 TR X 6",Golosina,WINTERS,0.00
1275,"CHIN CHIN MIX X 24 DP X 12",Golosina,WINTERS,8.00
1276,"CHIN CHIN CHOCO PUNCH X 24 DP X 24",Golosina,WINTERS,0.00
1277,"OLE OLE X 15 BL X 60",Golosina,WINTERS,0.00
1278,"FOCHIS MAN� X 18 DP X 12",Golosina,WINTERS,0.00
1279,"FOCHIS PASAS X 18 DP X 12",Golosina,WINTERS,0.00
1280,"CHIN CHIN CHOCOFORMAS X 10 PK X 6",Golosina,WINTERS,5.00
1281,"OL� OL� MINI X 12 TR X 6",Golosina,WINTERS,0.00
1282,"CHIN CHIN GALLE MELLOW X 12 DP X 12",Golosina,WINTERS,0.00
1283,"PICARAS CHIPS X 8 PK X 6",Golosina,WINTERS,0.00
1284,"CHICLE CHICHA 34 X 20 BL X 100",Golosina,SAYON,0.00
1285,"CHOC. TAZA 34 X 12",Golosina,SAYON,0.00
1286,"PASAS BA�ADAS1KL",Golosina,SAYON,0.00
1287,"MANIES BA�ADOS1KL",Golosina,SAYON,6.00
1288,"FRUKIDS SURTIDO X 16 BL X 100",Golosina,SAYON,0.00
1289,"OJO LOCO 34 X 20 BL X 120",Golosina,SAYON,0.00
1290,"PANETON MILANO 6 X 900GR",Golosina,SAYON,0.00
1291,"PANETON MILANO  X  900GR",Golosina,SAYON,3.50
1292,"ZOOLOGICO X 10 BL X 800 GR.",Golosina,SAYON,2.50
1293,"CHOC. TAZA 34 X 50 UN X -- GR.",Panaderia,SAYON,0.00
1294,"DURAZNO SELECTA",Panaderia,CONSERVA,0.00
1295,"CONCERVA 2 480G",Golosina,CONSERVA,4.00
1296,"CONCERVA 35820G",Golosina,TIMONEL,1.00
1297,"ALKA ICE MENTA X 18 BL X 60",Golosina,ARCOR,0.00
1298,"CHICHA MISKY X 16 BL X 110",Golosina,ARCOR,0.00
1299,"ALKA ICE CHERRY X 18 BL X 60",Golosina,ARCOR,0.00
1300,"MASTICABLE FRUTAS MISKY X 12 BL X 100",Golosina,ARCOR,0.00
1301,"SAPITO CLAS. X 9 DP X 20",Golosina,ARCOR,0.00
1302,"CHICLE BEN 10 X 12 DP X 100",Golosina,ARCOR,0.00
1303,"CHICLE HELLO KETTY X 12 DP X 100",Golosina,ARCOR,0.00
1304,"SANDIA 7 X 100 UND",Golosina,ARCOR,5.00
1305,"SAPITO CLAS. X 8 BL X 30",Golosina,ARCOR,0.00
1306,"MINI GOLPE X 12 BL X 24",Golosina,ARCOR,0.00
1307,"BONOBON BARRA X 6 DP X 24",Golosina,ARCOR,0.00
1308,"CHICLE CHAVO X 12 DP X 100",Golosina,ARCOR,7.00
1309,"TOPLINE MENTA X 12 DP X 50",Golosina,ARCOR,7.00
1310,"TOPLINE SANDIA X 12 DP X 20",Golosina,ARCOR,0.00
1311,"TOPLINE SANDIA X 12 DP X 50",Golosina,ARCOR,0.00
1312,"GOLPE X 6 DP X 24",Golosina,ARCOR,0.00
1313,"GOLPE MAXX X 12 DP X 12",Golosina,ARCOR,0.00
1314,"TOPLINE MENTA X 12 DP X 20",Golosina,ARCOR,0.00
1315,"TOPLINE INKA KOLA ZERO X 12 DP X 20",Golosina,ARCOR,8.00
1316,"GROSSO X 24 BL X 50",Golosina,ARCOR,0.00
1317,"TOPLINE BERRIES X 12 DP X 20",Golosina,ARCOR,0.00
1318,"TOPLINE BUBBLE GUM X 12 DP X 20",Golosina,ARCOR,0.00
1319,"TOPLINE SANDIA FRESCURA XTENDIDA X 12 DP X 20",Golosina,ARCOR,0.00
1320,"BONOBON OBLEA/WAFER X 6 DP X 20",Golosina,ARCOR,0.00
1321,"BONOBON MIN OBLEA/WAFER X 12 BL X 24",Golosina,ARCOR,0.00
1322,"TOPLINE MENTA FUERTE X 12 DP X 20",Golosina,ARCOR,0.00
1323,"MINI SAPITO CLAS. X 8 BL X 50",Golosina,ARCOR,0.00
1324,"LECHE MILK 7 X 12 BL X 100",Golosina,ARCOR,0.00
1325,"SURTIDO MISKY X 16 BL X 110",Golosina,ARCOR,0.00
1326,"RELLENO FRESA 7 X 12 BL X 100",Golosina,ARCOR,0.00
1327,"LIMON 7 X 20 BL X 100",Golosina,ARCOR,0.00
1328,"MENTA CHOCOLATE X 12 BL X 73",Golosina,ARCOR,0.00
1329,"SAQUITOS 7 X 12 BL X 73",Golosina,ARCOR,0.00
1330,"CHICHA 7 X 20 BL X 100",Golosina,ARCOR,4.50
1331,"LIMONCITOS MISKY X 16 BL X 110",Golosina,ARCOR,5.50
1332,"PANETON PASAS Y FRUTAS X100GR",Golosina,"MIL DELICIAS",0.00
1333,"PANETON CON CHISPA DE CHOCOLATE X 90GR",Golosina,"MIL DELICIAS",0.00
1334,"K-CHIPUM X 30 BL X 120",Golosina,CONFIPERU,0.00
1335,"GLOBO POP YOGURT FRESA X 30 BL X 24",Panaderia,CONFIPERU,0.00
1336,"GLOBO POP YOGURT SURTIDO X 30 BL X 24",Panaderia,CONFIPERU,0.00
1337,"BOOGIE ICE MENTA X 41 DP X 120",Golosina,CONFIPERU,0.00
1338,"BOOGIE ICE MENTA TAPER X 6 FR X 240",Golosina,CONFIPERU,0.00
1339,"BOOGIE ICE SRT. MORA/CEREZA/LIMONX 41 DP X 120",Golosina,CONFIPERU,0.00
1340,"BOOGIE ICE SURTIDO TAPER X 6 FR X 240",Golosina,CONFIPERU,0.00
1341,"ATERRALENGUA X 20 DP X 15",Golosina,CONFIPERU,0.00
1342,"KATABOOM SURTIDO X 18 DP X 100",Golosina,CONFIPERU,7.30
1343,"BOOGIE ICE MENTA X 38 DP X 22",Golosina,CONFIPERU,0.00
1344,"BOOGIE ICE MORA X 38 DP X 22",Golosina,CONFIPERU,0.00
1345,"BOOGIE ICE CEREZA X 38 DP X 22",Golosina,CONFIPERU,7.50
1346,"GLOBO POP SURTIDO X 30 BL X 24",Golosina,CONFIPERU,0.00
1347,"GLOBO POP FRESA X 30 BL X 24",Golosina,CONFIPERU,0.00
1348,"AGOGO C.LIQ X 16 DP X 40",Golosina,CONFIPERU,0.00
1349,"GLOBO POP LECHE Y CHOCOLATE X 34 BL X 23",Golosina,CONFIPERU,5.50
1350,"CHI-CHISTE FRESA/CEREZA/TUTTI X 36 DP X 100",Golosina,CONFIPERU,5.50
1351,"CHI-CHISTE MORA/PLATANO X 36 DP X 100",Golosina,CONFIPERU,0.00
1352,"BARBIE TUTI FRUTTI X 20 DP X 15",Golosina,CONFIPERU,0.00
1353,"GLOBO POP SURTIDO FRASCO X 6 FR X 60",Golosina,CONFIPERU,0.00
1354,"BOOGIE ICE SRT. SANDIA/NARANJA/FRESA X 41 DP X 120",Golosina,CONFIPERU,0.00
1355,"BOOGIE ICE SRT. SANDIA/NARANJA/FRESA X 38 DP X 22",Golosina,CONFIPERU,0.00
1356,"HUEVITO C/E AMER. X 32 BL X 55",Golosina,CONFIPERU,0.00
1357,"HUEVITO S/E AMER. X 40 BL X 55",Golosina,CONFIPERU,0.00
1358,"CHI-CHISTE DOBLE SABOR X 36 DP X 100",Golosina,CONFIPERU,0.00
1359,"GLOBO POP LED SURTIDO X 12 DP X 20",Golosina,CONFIPERU,0.00
1360,"CUATES NATURAL X 11 TR X 12 (0.50)",Golosina,PEPSICO,0.00
1361,"CUATES PICANTE X 11 TR X 12 (0.50)",Golosina,PEPSICO,0.00
1362,"CHIZITOS X 7 TR X 14 (0.50)",Golosina,PEPSICO,0.00
1363,"CHISITO X 14",Golosina,CHIPY,0.00
1364,"CHEESE TRIS X 14 TR X 13 (0.50)",Golosina,PEPSICO,0.00
1365,"PAPA LAYS X 12 TR X 12 (0.70)",Golosina,PEPSICO,6.00
1366,"DORITOS X 11 TR X 12 (0.70)",Golosina,PEPSICO,0.00
1367,"LIMON DULCITO X 20 BL X 115",Golosina,MINAMICORP,0.00
1368,"MENTA DULCITO X 20 BL X 160",Golosina,MINAMICORP,7.00
1369,"ANGEL FLAKES X 30 UN X 150 GR.",Golosina,"CEREALES ANGEL",0.00
1370,"ANGEL ZUCK X 30  UN X 150 GR.",Golosina,"CEREALES ANGEL",0.00
1371,"ANGEL CHOCK X 30 UN X 140 GR.",Golosina,"CEREALES ANGEL",0.00
1372,"ANGEL MEL X 30 UN X 140 GR.",Golosina,"CEREALES ANGEL",0.00
1373,"ANGEL FLAKES X 15 TR X 12",Golosina,"CEREALES ANGEL",0.00
1374,"ANGEL FRUTT X 30 UN X 140 GR.",Golosina,"CEREALES ANGEL",0.00
1375,"ANGEL ALMOHADA FRESIA X 30 UN X 110 GR.",Golosina,"CEREALES ANGEL",0.00
1376,"ANGEL ALMOHADA FRESIA X 15 TR X 12",Golosina,"CEREALES ANGEL",4.00
1377,"ANGEL ALMOHADA TITO X 30 UN X 110 GR.",Golosina,"CEREALES ANGEL",0.00
1378,"ANGEL ALMOHADA TITO X 15 TR X 12",Golosina,"CEREALES ANGEL",0.00
1379,"ANGEL ALMOHADA PEPE X 30 UN X 140 GR.",Golosina,"CEREALES ANGEL",4.00
1380,"ANGEL ALMOHADA PEPE X 15 TR X 12",Golosina,"CEREALES ANGEL",0.00
1381,"ANGEL COPIX X 15 TR X 12",Golosina,"CEREALES ANGEL",4.00
1382,"ANGEL COPIX X 30 UN X 140 GR.",Golosina,"CEREALES ANGEL",0.00
1383,"ANGEL ZUCK X 15 TR X 12",Golosina,"CEREALES ANGEL",4.00
1384,"ANGEL MEL X 15 TR X 12",Golosina,"CEREALES ANGEL",4.00
1385,"ANGEL CHOCK X 15 TR X 12",Golosina,"CEREALES ANGEL",0.00
1386,"ANGEL FRUTT X 15 TR X 12",Golosina,"CEREALES ANGEL",4.00
1387,"CRYSMELO COLOR X 20 BL X 335 GR.",Golosina,LABOCER,4.00
1388,"BONOBON ALFAJOR X 16 PK X 6",Golosina,ARCOR,4.00
1389,"MOGUL OSITOS X 12 DP X 12",Golosina,ARCOR,4.00
1390,"MOGUL ROLLO X 12 DP X 12",Golosina,ARCOR,5.00
1391,"MOGUL COCODRILOS X 12 DP X 12",Golosina,ARCOR,0.00
1392,"MOGUL PIECITOS X 12 DP X 12",Golosina,ARCOR,0.00
1393,"MENTA CRISTAL X 12 BL X 80",Golosina,ARCOR,0.00
1394,"DOS CABALLOS",Golosina,"PERU FARMA",0.00
1395,"DOS CABALLOS CACKTAIL DE FRUTA",Golosina,"PERU FARMA",0.00
1396,"BONOBON CLAS. X 12 DP X 30",Golosina,ARCOR,0.00
1397,"TIC TAC CHERRY PASION 24 DP X 12",Abarrotes,YICHANG,0.00
1398,"TIC TAC MENTA 24 DP X 12",Abarrotes,YICHANG,0.00
1399,"BOOGIE BOLAS SURTIDO X 30 DP X 30",Golosina,CONFIPERU,13.50
1400,"PANETON 8 X 750GRS",Golosina,BAUDUCCO,12.50
1401,"KIT KAT X 996GR",Golosina,NESTLE,12.50
1402,"8 X 750GRM",Golosina,BAUDUCCO,0.00
1403,"BAUDUCO PANDORO 500GRM",Panaderia,BAUDUCCO,0.00
1404,"PANETON 8 X 400GRS",Golosina,"PERU FARMA",0.00
1405,"WAFER NUECES",Golosina,BAUDUCCO,0.00
1406,"WAFER MAXI  X117GR",Golosina,BAUDUCCO,0.00
1407,"WAFER 8 X14UND",Panaderia,BAUDUCCO,0.00
1408,"BAUDUCO 100GRM",Golosina,"PERU FARMA",0.00
1409,"BAUDUCO LATA X 750GRM",Golosina,BAUDUCCO,0.00
1410,"PANETON 8 900GRM",Golosina,BAUDUCCO,0.00
1411,"8 CHOCO X500GRM",Golosina,BAUDUCCO,0.00
1412,"TOSTADA 8",Golosina,BAUDUCCO,0.00
1413,"MENTOS MANZANA X 24 DP X 12",Panaderia,"QUIMICA SUIZA",0.00
1414,"MENTOS FRESA X 24 DP X 12",Golosina,"QUIMICA SUIZA",0.00
1415,"MENTOS MAGUIT X 24 DP X 12",Golosina,"QUIMICA SUIZA",0.00
1416,"MENTOS MENTA X 24 DP X 12",Golosina,"QUIMICA SUIZA",8.00
1417,"MENTOS FRUTAS X 24 DP X 12",Golosina,"QUIMICA SUIZA",8.00
1418,"TIC TAC TORMENTA 24 DP X 12",Golosina,YICHANG,8.00
1419,"TRIANGULO BARRA X22X200GR",Golosina,NESTLE,8.00
1420,"HAY HAY BOL X 100 UN",Golosina,IMPORTADOS,8.00
1421,"TRUFON BL X 100UND",Golosina,WAYKI,12.50
1422,"CHOCOPAYE X 216GR",Golosina,IMPORTADOS,0.00
