P0001,PANETONCITO X 12,1,17,10,24-11-2019 21:22:36
P0002,MINI GN  X 40 SURTIDO,2,33,11,24-11-2019 21:22:37
P0003,MINI GELATINA CJ X 410 UND,3,22,12,24-11-2019 21:22:38
P0004,M Y M MINIS X 12KL,2,31,13,24-11-2019 21:22:39
P0005,MOROCHA STIK 14 X 6,2,28,14,24-11-2019 21:22:40
P0006,soda 34 x 10,2,34,2.5,24-11-2019 21:22:41
P0007,SNICKERS  X 48 UN X 52.7 GR,2,31,2.5,24-11-2019 21:22:42
P0008,M Y M X 48,2,31,8,24-11-2019 21:22:43
P0009,WOZO  GALACTIC X 24 UND,2,39,9,24-11-2019 21:22:44
P0010,HUEVITO MINI WOZO  CJ X 48 UND.,2,39,10,24-11-2019 21:22:45
P0011,MOROCHA WAFER 27X 6,2,28,11,24-11-2019 21:22:46
P0012,PRINCESA BARRA 28 X 20 X 30GR,2,28,12,24-11-2019 21:22:47
P0013,YO YO,2,21,13,24-11-2019 21:22:48
P0014,SORRENTO 30X20X32 GR,2,28,14,24-11-2019 21:22:49
P0015,PANETON DONOFRIO BL. 6 X 900GR,1,28,15,24-11-2019 21:22:50
P0016,PANETON BUON NATALE BOLSA 6 X 800GR,1,28,16,24-11-2019 21:22:51
P0017,TRIANGULO BARRA 22X200GR,2,28,17,24-11-2019 21:22:52
P0018,PANETON CHOCOTON CJ 6X500gr,1,28,18,24-11-2019 21:22:53
P0019,SUBLIME CLASICO 27 X 24,2,28,19,24-11-2019 21:22:54
P0020,TRIANGULO CLAS. 24 X 22 X 30gr,2,28,20,24-11-2019 21:22:55
P0021,PANETON DONOFRIO CJA 6X900GRMS,1,28,21,24-11-2019 21:22:56
P0022,SUBLIME SONRISA BLANCO 21 X 12 X 40GR,2,28,22,24-11-2019 21:22:57
P0023,TRIANGULO MARMOLEADO 24 X 22 X 33GR,2,28,23,24-11-2019 21:22:58
P0024,MINI MANI 28 X 12,2,28,24,24-11-2019 21:22:59
P0025,MORCHA TACO X 56,2,28,25,24-11-2019 21:22:36
P0026,Princesa blanco bl. 18 X 18 x 8gr,2,28,26,24-11-2019 21:22:37
P0027,PRINCESA CORAZON X 144GR,2,28,27,24-11-2019 21:22:38
P0028,SUBLIME BOLSA 15X18X8GR,2,28,28,24-11-2019 21:22:39
P0029,TRIANGULO DOY 6 12 X 18 X 8 GR,2,28,29,24-11-2019 21:22:40
P0030,PANETON CHOCOTON MANJAR6X500gr,1,28,30,24-11-2019 21:22:41
P0031,PANETON CHOCOTON VAINILLA6X500gr,1,28,31,24-11-2019 21:22:42
P0032,PANETON CHOCOTON BL 6X500gr,1,28,32,24-11-2019 21:22:43
P0033,PRINCESA LATA 15X18X8GR,2,28,33,24-11-2019 21:22:44
P0034,KIT KAT PAPA NOEL  9X6X29GR,2,28,2,24-11-2019 21:22:45
P0035,MOROCHAS 18X8X30GR,2,28,0,24-11-2019 21:22:46
P0036,SODA PLAIN X 4 PK X 6,2,4,2,24-11-2019 21:22:47
P0037,PRINGLES 12X37GR,2,31,0,24-11-2019 21:22:48
P0038,SODA PLAIN X 20 UN X 100 GR.,2,4,1,24-11-2019 21:22:49
P0039,AMBROSIA X 36 BL X 240 GR.,2,5,0,24-11-2019 21:22:50
P0040,MIX SODA X 35 BL X 60,2,5,3,24-11-2019 21:22:51
P0041,TURRUNAZO X 20 BL X 100,2,5,5,24-11-2019 21:22:52
P0042,CHICLE ANGRY BIRDS X 12 DP X 100,2,7,0,24-11-2019 21:22:53
P0043,PRIVILEGIO 10 BL X 42,2,7,0,24-11-2019 21:22:54
P0045,FRUTICA LOVE X 16 BL X 100,4,11,0,24-11-2019 21:22:55
P0046,GLOBO POP LED PRINT X 12 DP X 20,2,12,0,24-11-2019 21:22:56
P0047,GALLETA LATA X 18,2,15,0,24-11-2019 21:22:57
P0048,GALLETA SURT. AZUL X 6,2,15,13,24-11-2019 21:22:58
P0049,VIZZIO ESTUCHE X 15 UN X 89 GR.,2,15,0,24-11-2019 21:22:59
P0050,BURBUJITAS X 60 TR X 8,2,1,0,24-11-2019 21:22:36
P0051,SUBLIME GALLETA X 12 DP X 24,2,28,0,24-11-2019 21:22:37
P0052,SUBLIME MINI ALMENDRA X 28 TR X 12,2,28,0,24-11-2019 21:22:38
P0053,MEGA WAFER GN CHOCOLATE X 16 X 61 GR.,2,33,10,24-11-2019 21:22:39
P0054,MEGA WAFER GN FRESA X 16 X 61 GR.,2,33,0,24-11-2019 21:22:40
P0055,MEGA WAFER GN VAINILLA X 16 X 61 GR.,2,33,0,24-11-2019 21:22:41
P0056,RELLENITA DIA SURT. X 5 PK X 8,2,34,0,24-11-2019 21:22:42
P0057,VAINILLA DIA X 12 PK X 250 GR.,2,34,2,24-11-2019 21:22:43
P0058,WINTER DE LECHE X 35 DP X 30,2,40,1.5,24-11-2019 21:22:44
P0059,FINOS X 56 DP X 80,2,40,0,24-11-2019 21:22:45
P0060,TIC TAC SURTIDO 24 DP X 12,2,41,0,24-11-2019 21:22:46
P0061,MARSHMALIOWS MINI COLOR X 24 BL 100GR,2,20,12.5,24-11-2019 21:22:47
P0062,SUBLIME DUO 20X24X28GR,2,28,1,24-11-2019 21:22:48
P0063,M Y M 1KL,2,31,2,24-11-2019 21:22:49
P0064,GASTOS REPRESENTATIVOS,2,6,3,24-11-2019 21:22:50
P0065,MOMENTSX 12,5,11,4,24-11-2019 21:22:51
P0066,SURTIDA 11 X 24,2,11,5,24-11-2019 21:22:52
P0067,CORONITA CHOCO 28PKX6X38GR,2,27,6,24-11-2019 21:22:53
P0068,SOLEI,2,33,7,24-11-2019 21:22:54
P0069,SODA 33 28X12 ,2,33,8,24-11-2019 21:22:55
P0070,WAFER VAINILLA DIA  8X5,2,4,9,24-11-2019 21:22:56
P0071,WAFER CHOCOLATE DIA 5X8,2,4,10,24-11-2019 21:22:57
P0072,VAINILLA DIA X 100,2,4,11,24-11-2019 21:22:58
P0073,TEJANA 8 X 480GR,2,34,12,24-11-2019 21:22:59
P0074,CASINO BLACK VAINILLA X 30,2,4,13,24-11-2019 21:22:36
P0075,MINI TENTACION X 12,2,4,14,24-11-2019 21:22:37
P0076,CHOCO V 8X6,2,38,15,24-11-2019 21:22:38
P0077,WAFER FRESA DIA 5X8,2,4,16,24-11-2019 21:22:39
P0078,MINI RICCOCHIPS X 24,2,6,17,24-11-2019 21:22:40
P0079,CHOCO LUCMA 12 X 500GRM,2,6,18,24-11-2019 21:22:41
P0080,PANETON RICCOS CJ 6 X 900 GR,2,6,19,24-11-2019 21:22:42
P0082,MECANO MANJAR 8 X 32 X 19GR.,1,15,20,24-11-2019 21:22:43
P0083,TRIFRUNA 8X420GR,2,5,21,24-11-2019 21:22:44
P0084,FRUGELE AMBRUJOS X 27 BLS,2,5,22,24-11-2019 21:22:45
P0085,AMBROMELLOWS BLANCO X 12,2,5,23,24-11-2019 21:22:46
P0086,BASTONES DE NAVIDAD 24X144GR,2,5,24,24-11-2019 21:22:47
P0087,6 NAVIDE�O X 30,2,15,25,24-11-2019 21:22:48
P0088,CHOCODONUTS  REGALO  16X222GR,2,15,26,24-11-2019 21:22:49
P0089,CHOCMAN DOBLE MANJAR  8X 6,6,15,27,24-11-2019 21:22:50
P0090,CARITA FIESTA 12 X 40UND,2,15,28,24-11-2019 21:22:51
P0091,HECHIZO HALLOWEN X25X300GR,2,5,29,24-11-2019 21:22:52
P0092,PANETON 18 CJ 6X900GR,2,18,30,24-11-2019 21:22:53
P0093,PANETON 18 BL 6X900GR,2,18,1,24-11-2019 21:22:54
P0094,PURO AMOR CJ 6X 900GR,1,36,2,24-11-2019 21:22:55
P0095,PANETON 36 CJA 6 X 900 GRMS,1,36,3,24-11-2019 21:22:56
P0096,TOFFEE D. LECHE 15BL. X110UND,1,40,4,24-11-2019 21:22:57
P0097,PANETON 40 CJ 6 X 900GR,1,40,5,24-11-2019 21:22:58
P0098,SODA 34 X3KG,2,34,6,24-11-2019 21:22:59
P0099,PANETON CHOCOLUCUMA 12X500GRAMOS,1,6,7,24-11-2019 21:22:36
P0100,SANDIA 7 20B X100UND,2,7,8,24-11-2019 21:22:37
P0101,SUBLIME BOX CJA 24 X20 UN,1,28,9,24-11-2019 21:22:38
P0102,PANETON 8 18 X 400GRAMOS,2,31,10,24-11-2019 21:22:39
P0103,BAUDUCO 6 X 750GRM,2,8,11,24-11-2019 21:22:40
P0104,BAUDUCOX 24,1,31,12,24-11-2019 21:22:41
P0105,8 CHOCO 18X500G,2,8,13,24-11-2019 21:22:42
P0106,SODA 33 X 20,2,33,14,24-11-2019 21:22:43
P0107,VAINILLA 33 X 20,2,33,15,24-11-2019 21:22:44
P0108,SUBLIME GALLETA  12 X 24,2,28,16,24-11-2019 21:22:45
P0110,SODA V SABOR PLAIN 4 6S DE 6 PAQUETES,2,38,17,24-11-2019 21:22:46
P0111,CHOCMAN 14X6X30GR,2,15,18,24-11-2019 21:22:47
P0112,DOS CABALLOS X 12,2,31,19,24-11-2019 21:22:48
P0113,CHOCMAN CJA X 60,2,15,20,24-11-2019 21:22:49
P0114,PRINGLES ORIGINAL GRANDE X 14 UN X 149 GR.,2,32,21,24-11-2019 21:22:50
P0115,M Y M X 48,3,31,22,24-11-2019 21:22:51
P0116,BIG BEN BLANCO LINEAS X 12DP X 24UN,2,23,0,24-11-2019 21:22:52
P0117,EGGO TOYS X 6DP X 24UN,2,22,6.5,24-11-2019 21:22:53
P0118,BIEN KR17ALIM X 8DP X 24UN X 75GR.,2,22,1,24-11-2019 21:22:54
P0119,LEXUS CHOCOLATE X 8 BL X 100,3,22,2,24-11-2019 21:22:55
P0120,PELOTITAS CHOCOLATE  X1K,7,24,3,24-11-2019 21:22:56
P0121,PANETON CHOCOTON Bl X500gr,2,28,4,24-11-2019 21:22:57
P0122,PULPIN X24 UN,2,3,5,24-11-2019 21:22:58
P0123,DONOFRIO CAJA,2,28,6,24-11-2019 21:22:59
P0124,PANETON DONOFRIO LATA,1,28,7,24-11-2019 21:22:36
P0125,PANETON BUON NATALE BOLSA X 800GR,8,28,8,24-11-2019 21:22:37
P0126,PANETON BUON NATALE CAJA 6 X 800GR,1,28,9,24-11-2019 21:22:38
P0127,PANETON CHOCOTON MANJAR X500gr,1,28,10,24-11-2019 21:22:39
P0128,PANETON CHOCOTON VAINILLA X 500 gr,1,28,11,24-11-2019 21:22:40
P0129,PANETON 34 BOLSA  6 X 900GR,1,34,12,24-11-2019 21:22:41
P0130,PANETON MOTTA CAJA 6  X 750GR,1,28,13,24-11-2019 21:22:42
P0131,PANETON 34 CAJA X 6 CJ X900GR,1,34,14,24-11-2019 21:22:43
P0132,PANETON RICCOS BOLSA  6  X 900 GR,1,6,15,24-11-2019 21:22:44
P0133,PANETON BLANCA FLOR BOLSA  X 6  X900 GR,1,4,16,24-11-2019 21:22:45
P0134,PANETON BLANCA FLOR CAJA  6 X 900 GR,1,4,17,24-11-2019 21:22:46
P0135,LENTEJAS A GRANEL X 1K,1,28,18,24-11-2019 21:22:47
P0136,AMBROSITO A GRANEL X500 GR,1,5,19,24-11-2019 21:22:48
P0137,TRUFLE  BOLSA,1,22,20,24-11-2019 21:22:49
P0138,PALETA PIERO,2,22,21,24-11-2019 21:22:50
P0139,MOROCHA WAFER X 8 DP X12 UND,2,28,22,24-11-2019 21:22:51
P0140,AMBROLYPTUS X 500GR,2,5,23,24-11-2019 21:22:52
P0141,GOMAS LOOP X 5020 GR,2,5,24,24-11-2019 21:22:53
P0142,MILLOWS ANGELITOS X 200GR,2,22,25,24-11-2019 21:22:54
P0143,WHOO X 8 DP X 24 UND,2,22,26,24-11-2019 21:22:55
P0144,SPARKIE LINEA X 32 BL X70 UND,2,27,1,24-11-2019 21:22:56
P0145,PRINCESA BOX x 16 UND,2,28,2,24-11-2019 21:22:57
P0146,TOFF DE LECHE X 113 UND,2,5,3,24-11-2019 21:22:58
P0147,MILKYWAY,2,22,4,24-11-2019 21:22:59
P0148,M&M AMARILLO X 48 UND X 49 GR,2,22,5,24-11-2019 21:22:36
P0149,MAXMELLOWS X 250 GR,2,23,6,24-11-2019 21:22:37
P0150,PANETON 15 BOLSA X 6 UND X 900GR,2,5,7,24-11-2019 21:22:38
P0151,PRINCESA BOX 24 X 16 x 8 gr,2,28,8,24-11-2019 21:22:39
P0152,IMPUESTO BOLSAS PLASTICAS,2,14,9,24-11-2019 21:22:40
P0153,BUBBLE GUM,1,22,10,24-11-2019 21:22:41
P0154,GELATINA POTE X 100,2,22,11,24-11-2019 21:22:42
P0155,MOMENTS BUTTER COOKIES,5,11,12,24-11-2019 21:22:43
P0156,GALLETA TRIANGULO COLMBINA X 252 GR,2,11,13,24-11-2019 21:22:44
P0157,CRYSMELO BLANCO X 20 BL X 335 GR.,3,23,14,24-11-2019 21:22:45
P0158,CHIN CHIN PATICR17A X 24 DP X 8,2,40,15,24-11-2019 21:22:46
P0159,CASINO BLACK TACO,2,4,16,24-11-2019 21:22:47
P0160,TIC TAC NARANJA 24 DP X 12,2,41,17,24-11-2019 21:22:48
P0161,PANETON 40 BL X 900GR,2,40,18,24-11-2019 21:22:49
P0162,PANETON 40 CJ. X 900GR,2,40,19,24-11-2019 21:22:50
P0163,MARSHMELLOWS MINI COLOR X 100GR,2,20,12.5,24-11-2019 21:22:51
P0164,MELLOWS ANGELITO,1,20,0,24-11-2019 21:22:52
P0165,PANETON DONOFRIO  BL X 900 GR.,1,28,0,24-11-2019 21:22:53
P0166,SORRENTO  X 20,2,28,0,24-11-2019 21:22:54
P0167,DORE X 24 PK X 6,2,28,0,24-11-2019 21:22:55
P0168,SUBLIME BOX X 20 UN,1,28,19.5,24-11-2019 21:22:56
P0169,PANETON DONOFRIO BL X 900GR,2,28,21,24-11-2019 21:22:57
P0170,LENTEJA SOBRE X 24 DP X 24,2,28,2.5,24-11-2019 21:22:58
P0171,PANETON B. NATALE  BL X 900 GR.,2,28,0,24-11-2019 21:22:59
P0172,DORE FAM. X 27 UN X 230 GR.,1,28,0,24-11-2019 21:22:36
P0173,TRIANGULO SENSA. X 24 DP X 9,2,28,9.8,24-11-2019 21:22:37
P0174,TRIANGULO BARRA X 200GRMS,1,28,14.5,24-11-2019 21:22:38
P0175,PANETON CHOCOTON X 500gr,2,28,3,24-11-2019 21:22:39
P0176,SUBLIME WAF.POW. X 27 PK X 6,2,28,14,24-11-2019 21:22:40
P0177,SUBLIME CLASICO X 27 DP X 24,2,28,0,24-11-2019 21:22:41
P0178,LENTEJA CAJA X 24 DP X 20,1,28,14,24-11-2019 21:22:42
P0179,SUBLIME ALM.BAR. X 27 DP X 10,2,28,5,24-11-2019 21:22:43
P0180,TRIANGULO CLAS.  22X30gr,2,28,24,24-11-2019 21:22:44
P0181,BESO DE MOZA X 20und,2,28,16,24-11-2019 21:22:45
P0182,PRINCESA BOLSA18X18X8GR,2,28,17,24-11-2019 21:22:46
P0183,MOROCHAS SNACK 8 TR X 8,2,28,24,24-11-2019 21:22:47
P0184,PANETON DONOFRIO CJA X 900GR,2,28,14.5,24-11-2019 21:22:48
P0185,PRINCESA BARRA X 20,2,28,0,24-11-2019 21:22:49
P0186,MOROCHAS  PK X 8,2,28,7,24-11-2019 21:22:50
P0187,SUBLIME GALLETA X 24,1,28,0,24-11-2019 21:22:51
P0188,SUBLIME DUO  X 24,2,28,21,24-11-2019 21:22:52
P0189,SUBLIME SONRISA BLANCO x 12,2,28,5.5,24-11-2019 21:22:53
P0190,TRIANGULO MARMOLEADO  X 22,2,28,0,24-11-2019 21:22:54
P0191,BOMBON MULTI6 X 15 BL X 45,2,28,16,24-11-2019 21:22:55
P0192,SUBLIME EXTR17O X 24 DP X 12,2,28,15,24-11-2019 21:22:56
P0193,SUBLIME STICK X 28 DP X 30,2,28,24,24-11-2019 21:22:57
P0194,KIT KAT 12X41.5GRMS,2,28,15,24-11-2019 21:22:58
P0195,MOROCHA TACO X 56 UN X 75 GR.,2,28,21,24-11-2019 21:22:59
P0196,PRINCESA BARRA Blanco. X 28 DP X 20,2,28,17.5,24-11-2019 21:22:36
P0197,Princesa  blanco bl X 18 UND,2,28,0,24-11-2019 21:22:37
P0198,SUBLIME SONRISA X 24 DP X 20,2,28,2,24-11-2019 21:22:38
P0199,PRINCESA CORAZON 21X18X8GR,2,28,20,24-11-2019 21:22:39
P0200,SUBLIME DOY 6 X144GR,2,28,0,24-11-2019 21:22:40
P0201,SUBLIME BITTER X 12,2,28,25,24-11-2019 21:22:41
P0202,TRIANGULO DOY 6 18X8GR,2,28,0,24-11-2019 21:22:42
P0203,MOROCHA BARQUILLO STICK X 14 PK X 6,2,28,0,24-11-2019 21:22:43
P0204,MOROCHA WAFER X 27 PK X 6,2,28,0,24-11-2019 21:22:44
P0205,MOROCHA WAFER XL  DP X 12,2,28,0,24-11-2019 21:22:45
P0206,PANETON BUON NATALE CJ X 800GR,2,28,5.5,24-11-2019 21:22:46
P0207,PANETON MOTTA X750GR,2,28,3.5,24-11-2019 21:22:47
P0208,KIT KAT PAPA NOEL X 174GR,2,28,9,24-11-2019 21:22:48
P0209,OREO VAINILLA X 28 PK X 6,1,27,0,24-11-2019 21:22:49
P0210,HALLS ROJO X 30 DP X 12,1,27,0,24-11-2019 21:22:50
P0211,HALLS AZUL X 30 DP X 12,2,27,0,24-11-2019 21:22:51
P0212,HALLS NEGRO X 30 DP X 12,2,27,0,24-11-2019 21:22:52
P0213,HALLS MORA X 30 DP X 12,2,27,8.5,24-11-2019 21:22:53
P0214,HALLS SANDIA X 30 DP X 12,2,27,8.5,24-11-2019 21:22:54
P0215,HALLS FRUIT-MIX X 30 DP X 12,2,27,8.5,24-11-2019 21:22:55
P0216,CHICLETS adams X 100,2,27,8.5,24-11-2019 21:22:56
P0217,BUBBALOO CEREZA X 32 DP X 70,2,27,8.5,24-11-2019 21:22:57
P0218,BUBBALOO FRESA X 32 DP X 70,2,27,8.5,24-11-2019 21:22:58
P0219,BUBBALOO BANANA X 32 DP X 70,2,27,9,24-11-2019 21:22:59
P0220,BUBBALOO RETO ACIDO X 32 DP X 70,2,27,7.5,24-11-2019 21:22:36
P0221,CHICLETS ADAMS X 50,2,27,7.5,24-11-2019 21:22:37
P0222,BUBBALOO FRUTA X 32 DP X 70,2,27,7.5,24-11-2019 21:22:38
P0223,BUBBALOO ZOMBIES X 32 DP X 70,2,27,7.5,24-11-2019 21:22:39
P0224,CLOREST X 54 DP X 100,2,27,14,24-11-2019 21:22:40
P0225,CLOREST X 50 PD X 20,2,27,7.5,24-11-2019 21:22:41
P0226,CREAM CRACKER X 60 UN X 73.5 GR.,2,27,7.5,24-11-2019 21:22:42
P0227,CREAM CRACKER X 28 PK X 6,2,27,10,24-11-2019 21:22:43
P0228,CREAM CRACKER FAM. X 24 UN X 295 GR.,2,27,14,24-11-2019 21:22:44
P0229,CHOCOSODA X 32 PK X 6,2,27,1,24-11-2019 21:22:45
P0230,OREO FRESA X 28 PK X 6,2,27,0,24-11-2019 21:22:46
P0231,CLOREST MASTIC. MENTA X 20 DP X 20,2,27,2.8,24-11-2019 21:22:47
P0232,OREO ROLLO FRESA X 30 RL X 126 GR.,2,27,3.5,24-11-2019 21:22:48
P0233,HALLS SILVERMINT X 30 BL X 100,2,27,0,24-11-2019 21:22:49
P0234,HALLS SILVERMINT X 30 DP X 12,2,27,7.5,24-11-2019 21:22:50
P0235,OREO CARAMELO X 28 PK X 6,2,27,1.5,24-11-2019 21:22:51
P0236,DO�A PEPA 6 X 6,2,27,7,24-11-2019 21:22:52
P0237,DO�A PEPA 6 36X6X23GR,2,27,8.5,24-11-2019 21:22:53
P0238,RITZ PLAIN X 24 PK X 6,2,27,0,24-11-2019 21:22:54
P0239,RITZ QUESO X 20 PK X 6,2,27,0,24-11-2019 21:22:55
P0240,RITZ TACO X 64 UN X 67 GR.,2,27,0,24-11-2019 21:22:56
P0241,VAINILLA FIELD X 24 PK X 6,2,27,2.5,24-11-2019 21:22:57
P0242,VAINILLA FIELD FAM. X 32 UN X 147 GR.,2,27,3,24-11-2019 21:22:58
P0243,SODA FIELD ORIGINAL X 6,2,27,0.75,24-11-2019 21:22:59
P0244,SODA FIELD CJA 36X6,2,27,3,24-11-2019 21:22:36
P0245,SODA FIELD FAMILIAR X 28 UN X 140 GR.,2,27,1.5,24-11-2019 21:22:37
P0246,CLUB SOCIAL REG. X 32 PK X 6,2,27,2,24-11-2019 21:22:38
P0247,OREO ROLLO REGULAR X 30 RL X 126 GR.,2,27,0,24-11-2019 21:22:39
P0248,TRAVESURA X 7 TIRAS X 8,2,27,1.5,24-11-2019 21:22:40
P0249,CHARADA CHOC. X 28 PK X 6,2,27,2.5,24-11-2019 21:22:41
P0250,GRANUTS MANI C/PASAS X 8 DP X 12,2,40,1.5,24-11-2019 21:22:42
P0251,GRANUTS MANI C/ARANDANOS X 8 DP X 12,2,40,1,24-11-2019 21:22:43
P0252,GRANUTS PARTY MIX X 8 DP X 12,2,40,3,24-11-2019 21:22:44
P0253,40 KR17ANI X 6 DP X 12,2,40,0,24-11-2019 21:22:45
P0254,40 FLOW X 12 DP X 6,2,40,0,24-11-2019 21:22:46
P0255,COFFE DELIGHT X 18 BL X 100,2,11,0,24-11-2019 21:22:47
P0256,MILLOWS CARITAS/FIGURITAS X 12 BL X 145 GR.,2,11,0,24-11-2019 21:22:48
P0257,MILLOWS CAPUCHINO INDV. X 8 BL X 50,2,11,0,24-11-2019 21:22:49
P0258,MILLOWS OSO X 8 BL X 50,2,11,0,24-11-2019 21:22:50
P0259,MOMENTS BUTTER COOKIES 280GRM,2,11,0,24-11-2019 21:22:51
P0260,MILLOWS FOGATA X 12 BL X 145 GR.,2,11,5,24-11-2019 21:22:52
P0261,MILLOWS CORAZON X 8 BL X 50,2,11,0,24-11-2019 21:22:53
P0262,GRISSLY GUSANOS 12 DP X 12,2,11,0,24-11-2019 21:22:54
P0263,GRISSLY OSO 12 DP X 12,2,11,0,24-11-2019 21:22:55
P0264,MILLOWS  MARGARITA X 12 BL X 145 GR.,2,11,0,24-11-2019 21:22:56
P0265,MILLOWS ARCOIRIS X 12 BL X 145 GR.,2,11,0,24-11-2019 21:22:57
P0266,MILLOWS CREAM INDV. X 8 BL X 50,2,11,0,24-11-2019 21:22:58
P0267,B.B.B. FRUIT PUNCH X 15 BL X 24,2,11,0,24-11-2019 21:22:59
P0268,B.B.B. MARACUFRESA X 15 BL X 24,2,11,0,24-11-2019 21:22:36
P0269,MILLOWS CILINDRO BLANCO X 12 BL X 145 GR.,2,11,5,24-11-2019 21:22:37
P0270,MILLOWS SURTIDO X 12 BL X 145 GR.,2,11,0,24-11-2019 21:22:38
P0271,MILLOWS BLANCO X 300GR,2,11,0,24-11-2019 21:22:39
P0272,WAFER COL.IND FRE. X 24 PK X 24,2,11,0,24-11-2019 21:22:40
P0273,WAFER COL.IND CHC. X 24 PK X 24,2,11,0,24-11-2019 21:22:41
P0274,WAFER COL.IND VNL. X 24 PK X 24,2,11,0,24-11-2019 21:22:42
P0275,NUCITA X 24 DP X 12,2,11,3.5,24-11-2019 21:22:43
P0276,BON BON BUM  SURTIDO X 24,2,11,3.5,24-11-2019 21:22:44
P0277,BON BON BUM  FRESA X 24,2,11,3.5,24-11-2019 21:22:45
P0278,GALLETA DE MANTEQUILLA 252GR ARBOLITO,2,11,3.5,24-11-2019 21:22:46
P0279,SURTIDO 11 X 200GR,2,11,0,24-11-2019 21:22:47
P0280,FITNESS AJONJOLI,2,28,0,24-11-2019 21:22:48
P0281,DUCALES TACO  X 330 GR.,2,40,0,24-11-2019 21:22:49
P0282,CORONITA CHOC  X 6,2,27,0,24-11-2019 21:22:50
P0283,OREO COOKIES AND CREAM X 28 PK X 6,2,27,0,24-11-2019 21:22:51
P0284,HALLS ROJO X 30 BL X 100,2,27,0,24-11-2019 21:22:52
P0285,HALLS AZUL X 30 BL X 100,2,27,3,24-11-2019 21:22:53
P0286,HALLS NEGRO X 30 BL X 100,2,27,0,24-11-2019 21:22:54
P0287,HALLS MORA X 30 BL X 100,2,27,7,24-11-2019 21:22:55
P0288,TRIDENT MENTA X 30 DP X 18,2,27,7,24-11-2019 21:22:56
P0289,TRIDENT MORA X 30 DP X 18,2,27,7,24-11-2019 21:22:57
P0290,TRIDENT SANDIA X 30 DP X 18,2,27,7,24-11-2019 21:22:58
P0291,TRIDENT TROPICAL X 30 DP X 18,2,27,11.5,24-11-2019 21:22:59
P0292,TRIDENT FRESHMINT X 30 DP X 18,2,27,11.5,24-11-2019 21:22:36
P0293,TRIDENT FRESH HERBAL X 30 DP X 18,2,27,11.5,24-11-2019 21:22:37
P0294,SPARKIES X 24 DP X 20,2,27,11.5,24-11-2019 21:22:38
P0295,BIG BEN AZUL CHOCOLATE X 18 BL X 100,2,23,11.5,24-11-2019 21:22:39
P0296,GRAN BIG BEN SURTIDO X 18 BL X 100,2,23,11.5,24-11-2019 21:22:40
P0297,OKA LOKA NANOS X 12 DP X 12,2,23,13.5,24-11-2019 21:22:41
P0298,BIG BEN CAF� GOURMET X 18 BL X 100,2,23,5.5,24-11-2019 21:22:42
P0299,BIG BEN BLANCO X 18 BL X 100,2,23,8,24-11-2019 21:22:43
P0300,NEX LIMON X 12 DP X 24,2,23,0,24-11-2019 21:22:44
P0301,NEX MENTA X 12 DP X 24,2,23,8,24-11-2019 21:22:45
P0302,BARRILETE X 18 BL X 50,2,23,5.5,24-11-2019 21:22:46
P0303,NEX FRESA X 12 DP X 24,2,23,5,24-11-2019 21:22:47
P0304,SPLOT BOLA X 16 BL X 10,2,11,5,24-11-2019 21:22:48
P0305,SPLOT ACIDOX5 X 18 DP X 24,2,11,0,24-11-2019 21:22:49
P0306,SPLOT DIVER TATTOO2 X 18 DP X 120,2,11,5,24-11-2019 21:22:50
P0307,HUEVO CANCUN,2,15,0,24-11-2019 21:22:51
P0308,HUEVO FRUGELE,2,5,0,24-11-2019 21:22:52
P0309,ANIMALITO X 3 BL X 1 KG.,2,33,0,24-11-2019 21:22:53
P0310,AGUA PEBESAL X 450 GR.,2,33,0,24-11-2019 21:22:54
P0311,MUNICION X 8 BL X 450 GR.,2,33,0,24-11-2019 21:22:55
P0312,COCONUT X 8 BL X 450 GR.,2,33,5,24-11-2019 21:22:56
P0313,FRUTA MIXTA X 8 BL X 450 GR.,2,33,0,24-11-2019 21:22:57
P0314,SODA GOURMET X 12 PK X 250 GR.,2,33,4,24-11-2019 21:22:58
P0315,MINI  GN RELLE. FRESA  BL X 50,2,33,4,24-11-2019 21:22:59
P0316,MINI GN RELLE. COCO  X 50,2,33,4,24-11-2019 21:22:48
P0317,MINI GN RELLE. CHOCOLATE  BL X 50,2,33,1.5,24-11-2019 21:22:49
P0318,BLACK OUT CHOCOLATE X 8 PK X 4,2,33,6,24-11-2019 21:22:50
P0319,BLACKOUT MENTA X 8 PK X 4,2,33,6,24-11-2019 21:22:51
P0320,COCONUT X 25 BL X 55 GR.,2,33,6,24-11-2019 21:22:52
P0321,FRUTA MIXTA X 25 BL X 55 GR.,2,33,2.5,24-11-2019 21:22:53
P0322,LONCHERITA MUNICION X 25 BL X 55 GR.,2,33,2.5,24-11-2019 21:22:54
P0323,PANETON POESSIAX500GR,2,33,0.6,24-11-2019 21:22:55
P0324,PANETON POESSIA 6X500GR,2,33,0.6,24-11-2019 21:22:56
P0325,RELLENITA GN COCO X 5 PK X 8,2,33,0.6,24-11-2019 21:22:57
P0326,RELLENITA GN CHOCOLATE X 5 PK X 8,1,33,0,24-11-2019 21:22:58
P0327,RELLENITA GN FRESA X 5 PK X 8,1,33,0,24-11-2019 21:22:59
P0328,RELLENITA GN LIMON X 5 PK X 8,2,33,2.2,24-11-2019 21:22:36
P0329,RELLENITA GN MENTA X 5 PK X 8,2,33,2.2,24-11-2019 21:22:37
P0330,RELLENITA GN CHOCOFRESA X 5 PK X 8,2,33,2.2,24-11-2019 21:22:38
P0331,PANETON 33 900GR,2,33,2.2,24-11-2019 21:22:39
P0332,PANETON 33 6X900GR,2,33,2.2,24-11-2019 21:22:40
P0333,PANETON GIORGINO BOLSA X 800 GR,2,33,2.2,24-11-2019 21:22:41
P0334,CHAMPIONS X 20 UN X 60 GR.,1,33,0,24-11-2019 21:22:42
P0335,VAINILLA 33 FAM. X 20 UN X 120 GR.,1,33,0,24-11-2019 21:22:43
P0336,ANIMALITO X 4 BL X 500 GR.,1,33,0,24-11-2019 21:22:44
P0337,SODA 33 FAM. 20 UN X 85 GR.,2,33,0.5,24-11-2019 21:22:45
P0338,ANIMALITO X 10 BL X 150 GR.,2,33,1,24-11-2019 21:22:46
P0339,SODA 33   PK X 7,2,33,2.5,24-11-2019 21:22:47
P0340,CRACKNEL ORIGINAL X 20 UN X 140 GR.,2,33,1,24-11-2019 21:22:48
P0341,WINDOW X 20 PK X 6,2,33,1,24-11-2019 21:22:49
P0342,CRACKNEL INTEGRAL X 20 UN X 185 GR.,2,33,3,24-11-2019 21:22:50
P0343,MINI CHIPS AHOY X 6 TIRAS X 8,2,27,1.2,24-11-2019 21:22:51
P0344,CUA CUA RELAU X 6 DP X 30,2,27,2.5,24-11-2019 21:22:52
P0345,MINI CUACUA X 6 TIRAS X 8,2,27,1.2,24-11-2019 21:22:53
P0346,OREO ORIGINAL X 28 PK X 6,2,27,1,24-11-2019 21:22:54
P0347,OREO CHOCOLATE X 28 PK X 6,2,27,14,24-11-2019 21:22:55
P0348,DO�A PEPA X 6 DP X 30,2,27,1,24-11-2019 21:22:56
P0349,MINI RITZ X 7 TIRAS X 8,2,27,3,24-11-2019 21:22:57
P0350,CHiPS AHOY X 24 PK X 6,2,27,0,24-11-2019 21:22:58
P0351,CUA CUA 24X9X18G,2,27,14,24-11-2019 21:22:59
P0352,HUEVITO CON-ENV X 20 X 55 UN.,2,37,1,24-11-2019 21:22:36
P0353,BOLICINCO X 20 BL X 30,2,37,5,24-11-2019 21:22:37
P0354,HUEVITO SIN-ENV X 20 X 55 UN.,2,37,0,24-11-2019 21:22:38
P0355,WAZZU X 20 PK X 6,2,4,3.6,24-11-2019 21:22:39
P0356,WAZZU X 8 DP X 20,2,4,2.2,24-11-2019 21:22:40
P0357,CHOMP CHOC. X 8 PK X 6,2,4,3.5,24-11-2019 21:22:41
P0358,CHOMP NARANJA X 8 PK X 6,2,4,2.5,24-11-2019 21:22:42
P0359,DIVAS X 8 PK X 6,2,4,8,24-11-2019 21:22:43
P0360,AGUA 38 X 20 UN X 150 GR.,2,4,2.5,24-11-2019 21:22:44
P0361,GLACITAS FRESA X 8 PK X 6,2,4,2.5,24-11-2019 21:22:45
P0362,GLACITAS TOFFEE X 8 PK X 6,2,4,2.5,24-11-2019 21:22:46
P0363,GLACITAS CHOC. X 8 PK X 6,8,4,1,24-11-2019 21:22:47
P0364,GLACITAS CHOCONIEVE X 8 PK X 6,2,4,2.8,24-11-2019 21:22:48
P0365,SODA 38 X 36 PK X 6,2,4,2.8,24-11-2019 21:22:49
P0366,TEJANA L X 500 GR.,2,34,2.8,24-11-2019 21:22:50
P0367,SODA 34 X 12 PK X 250 GR.,2,34,3,24-11-2019 21:22:51
P0368,INTEGRACKERS QUINUA X 5 PK X 9,2,4,2,24-11-2019 21:22:52
P0369,CHICHA 34 X 20 BL X 110,2,34,7.5,24-11-2019 21:22:53
P0370,PERITA 34 X 20 BL X 100,2,34,1,24-11-2019 21:22:54
P0371,YOGURT SUAK FRESA X 20 BL X 100,2,34,4,24-11-2019 21:22:55
P0372,TENTACI�N CHOCOLATE X 8 PK X 6,2,4,3.5,24-11-2019 21:22:56
P0373,TENTACI�N VAINILLA X 8 PK X 6,2,4,3.5,24-11-2019 21:22:57
P0374,TENTACI�N NARANJA X 8 PK X 6,3,4,3.5,24-11-2019 21:22:58
P0375,TENTACI�N COCO X 8 PK X 6,2,4,2.5,24-11-2019 21:22:59
P0376,INTEGRACKERS MIEL X 5 PK X 9,2,4,2.5,24-11-2019 21:22:48
P0377,INTEGRACKERS SALVADO TRIGO X 5 PK X 9,2,4,2.5,24-11-2019 21:22:49
P0378,LIMON 34 X 16 BL X 120,2,34,2.5,24-11-2019 21:22:50
P0379,BAMBI 34 X 20 BL X 120,2,34,4,24-11-2019 21:22:51
P0380,MARGARITA TUBO X 20 UN X 110 GR.,2,4,4,24-11-2019 21:22:52
P0381,MINI KRAPS X 12 UN X 60 GR.,2,4,3.5,24-11-2019 21:22:53
P0382, CHOCOLATE  TAZA X 12 BLANCA FLOR,2,4,3.5,24-11-2019 21:22:54
P0383,CASINO VAINILLA X 8 PK X 6,2,4,0.8,24-11-2019 21:22:55
P0384,CASINO MENTA X 8 PK X 6,2,4,0.8,24-11-2019 21:22:56
P0385,CASINO CHOCOLATE X 8 PK X 6,2,4,0,24-11-2019 21:22:57
P0386,CASINO FRESA X 8 PK X 6,2,4,2.8,24-11-2019 21:22:58
P0387,CASINO LUCMA X 8 PK X 6,2,4,2.8,24-11-2019 21:22:59
P0388,CASINO COCO X 8 PK X 6,2,4,2.8,24-11-2019 21:22:36
P0389,CASINO ALFAJOR X 8 PK X 6,2,4,2.8,24-11-2019 21:22:37
P0390,MARGARITA TUBO X 20 UN X 163 GR.,2,4,2.8,24-11-2019 21:22:38
P0391,MARGARITA X 8 PK X 6,2,4,2.8,24-11-2019 21:22:39
P0392,MINI GLACITAS CHOC. X 12 UN X 60 GR.,2,4,2.8,24-11-2019 21:22:40
P0393,MINI CHOCOBUM POP X 12 UN X 60 GR.,2,4,1,24-11-2019 21:22:41
P0394,MINI MARGARITA X 12 UN X 60 GR.,2,4,2.5,24-11-2019 21:22:42
P0395,MARQUESITA VAINILLA X 8 PK X 6,2,4,0.8,24-11-2019 21:22:43
P0396,MARQUESITA NARANJA X 8 PK X 6,2,4,0.8,24-11-2019 21:22:44
P0397,MARQUESITA COCO X 8 PK X 6,2,4,0.8,24-11-2019 21:22:45
P0398,SODA V SABOR PLAIN X 6,2,38,2.5,24-11-2019 21:22:46
P0399,MINI GLACITAS TOFFEE X 12 UN X 60 GR.,2,4,2.5,24-11-2019 21:22:47
P0400,MINI CHOMP CHOC. X 12 UN X 80 GR.,2,4,2.5,24-11-2019 21:22:48
P0401,MINI CHOMP NARANJA X 12 UN X 80 GR.,2,4,0,24-11-2019 21:22:49
P0402,CHOCO V X 6 UND,2,38,0.8,24-11-2019 21:22:50
P0403,CHOCOBUM X 8 PK X 6,2,4,0.8,24-11-2019 21:22:51
P0404,RELLENITA GN MERMELADA X 5 PK X 8,2,33,0.8,24-11-2019 21:22:52
P0405,PANETON RICCOS BOLSA X900GR,2,6,0,24-11-2019 21:22:53
P0406,MUSS X 12 DP X 24,2,16,2.8,24-11-2019 21:22:54
P0407,RELLENITO MOTTA X 8 TR X 6,2,16,2.2,24-11-2019 21:22:55
P0408,PANETON RICCOS CJX 900GR,1,6,0,24-11-2019 21:22:56
P0409,OLD ENGLAND TOFFEE CHOCO. X 20 BL X 80,2,5,9.5,24-11-2019 21:22:57
P0410,OLD ENGLAND TOFFEE SURTIDO X 20 BL X 80,2,5,4.8,24-11-2019 21:22:58
P0411,OLD ENGLAND TOFFEE MINT X 20 BL X 80,1,5,0,24-11-2019 21:22:59
P0412,MECANO MANJAR  DP X 32,2,15,5.5,24-11-2019 21:22:36
P0413,FRUNA X 25 DP X 40,2,5,5.5,24-11-2019 21:22:37
P0414,DIENTES X 50UND,2,5,5.5,24-11-2019 21:22:38
P0415,COCOROCO PERITA X 10 BL X 100,2,5,11.5,24-11-2019 21:22:39
P0416,COCOROCO LIMON X 10 BL X 100,2,5,9,24-11-2019 21:22:40
P0417,MELLOWS SURTIDO CAJA X 10 BL X 230 GR.,2,5,0,24-11-2019 21:22:41
P0418,POKEKE X 10 DP X 12,2,15,4.5,24-11-2019 21:22:42
P0419,GRAN CEREAL CACAO X 16 PK X 6,2,15,4.5,24-11-2019 21:22:43
P0420,GRAN CEREAL CLASICA X 16 PK X 6,2,15,2.8,24-11-2019 21:22:44
P0421,CARITAS X 16 PK X 6,2,15,5,24-11-2019 21:22:45
P0422,CHOCODOONUTS REGALO X 16 UN,2,15,3.5,24-11-2019 21:22:46
P0423,SUPER RELLENAZO X 18 BL X 100,2,5,3.5,24-11-2019 21:22:47
P0424,DIVERTILOLY X 10 BL X 5 TR,2,5,2.5,24-11-2019 21:22:48
P0425,PALETA PINTA LENGUA X 25 UN,2,5,5,24-11-2019 21:22:49
P0426,PALETAS CALABAZA X 25 UN,2,5,5,24-11-2019 21:22:50
P0427,ARBOLITO X 25 BL X 60,2,5,6,24-11-2019 21:22:51
P0428,BON AMI LICOR X 18 BL X 100,2,5,0,24-11-2019 21:22:52
P0429,GALLETA SURT 15 LATA X 452 GR,2,15,0,24-11-2019 21:22:53
P0430,PICOLINES X 6 BL X 5 TR,2,5,3.5,24-11-2019 21:22:54
P0431,TRIFRUNA  BL X 70,2,5,5,24-11-2019 21:22:55
P0432,MENTITAS MASTICRUNCH X 6 DP X 20,2,5,0,24-11-2019 21:22:56
P0433,FULL MASTICRUNCH X 6 DP X 20,2,5,7.5,24-11-2019 21:22:57
P0434,FRUNA MASTICRUNCH X 21 DP X 20,2,5,5,24-11-2019 21:22:58
P0435,CHOCODONUTS CRUNCH X 14 PK X 6,2,15,5.5,24-11-2019 21:22:59
P0436,FRUGELEx20  X 100,2,5,5.5,24-11-2019 21:22:48
P0437,AMBROSIA X 16 DP X 12,2,5,5.5,24-11-2019 21:22:49
P0438,AMBROSIA X 20 BL X 480 GR.,2,5,2.7,24-11-2019 21:22:50
P0439,FRUTINA X 28 BL X 60,2,5,5,24-11-2019 21:22:51
P0440,FRUTINA LIMON X 28 BL X 60,2,5,5.5,24-11-2019 21:22:52
P0441,AMBROSIA 480GRM,2,5,6,24-11-2019 21:22:53
P0442,NOCAUT X 12 DP X 12,2,15,3.3,24-11-2019 21:22:54
P0443,CEREAL BAR DURAZNO X 8 DP X 12,2,15,3.3,24-11-2019 21:22:55
P0444,WAFER CLAS. LUCMA X 28 UN X 140 GR.,2,15,0,24-11-2019 21:22:56
P0445,WAFER CLAS. FRESA X 28 UN X 140 GR.,2,15,0,24-11-2019 21:22:57
P0446,WAFER CLAS. CHOCOLATE X 28 UN X 140 GR.,2,15,5,24-11-2019 21:22:58
P0447,WAFER CLAS. VAINILLA X 28 UN X 140 GR.,2,15,1.8,24-11-2019 21:22:59
P0448,FULL CHERRY X 6 DP X 24,2,5,1.8,24-11-2019 21:22:36
P0449,HUEVO DE PASCUA,2,5,1.8,24-11-2019 21:22:37
P0450,AMBROSITO X 16 DP X 12,2,5,1.8,24-11-2019 21:22:38
P0451,BANDERITAS X 25 BL X 80,2,5,9,24-11-2019 21:22:39
P0452,CALIPTUS MENTOL X 16 DP X 12,2,5,0,24-11-2019 21:22:40
P0453,CALIPTUS CHERRY X 16 DP X 12,2,5,5.5,24-11-2019 21:22:41
P0454,CANCUN X 12 DP X 24,2,15,3,24-11-2019 21:22:42
P0455,OH-CARAMELO X 13 BL X 100,2,5,5.5,24-11-2019 21:22:43
P0456,CANCUN BIZCOCHO X 14 PK X 6,2,15,5.5,24-11-2019 21:22:44
P0457,FULL MANDARINA X 6 DP X 24,2,5,9,24-11-2019 21:22:45
P0458,VIZZIO SOBRE X 10 DP X 20,2,15,8.5,24-11-2019 21:22:46
P0459,VIZZIO X 60 UN X 72 GR.,2,15,2.5,24-11-2019 21:22:47
P0460,VIZZIO ESTUCHE X 12 UN X 131 GR.,2,15,9,24-11-2019 21:22:48
P0461,VIZZIO LATA X 12 UN X 182 GR.,2,15,13,24-11-2019 21:22:49
P0462,FULL LIMON X 6 DP X 24,2,5,3.3,24-11-2019 21:22:50
P0463,GRETEL MANJAR X 16 PK X 6,2,15,6.5,24-11-2019 21:22:51
P0464,GRETEL CHOCOLATE X 16 PK X 6,2,15,12.5,24-11-2019 21:22:52
P0465,OBSECI�N X 9 DP X 12,2,15,9,24-11-2019 21:22:53
P0466,MENTITAS X 6 DP X 24,2,5,2.7,24-11-2019 21:22:54
P0467,AFRICAMELLOWS X 4 TR X 6,2,5,2.7,24-11-2019 21:22:55
P0468,MINI MELLOWS X 11 DP X 12,2,5,5,24-11-2019 21:22:56
P0469,FRAC CHOCOLATE X 12 PK X 6,2,15,9,24-11-2019 21:22:57
P0470,FRAC CLASICA X 12 PK X 6,2,15,5,24-11-2019 21:22:58
P0471,FRAC VAINILLA X 12 PK X 6,2,15,4.5,24-11-2019 21:22:59
P0472,GRAN VALS 90GRM,2,15,2.7,24-11-2019 21:22:36
P0473,HUEVO LOOP,2,5,2.7,24-11-2019 21:22:37
P0474,OLD ENGLAND TOFFEE SURT.GIRAFA X 18 BL X 90,2,5,2.7,24-11-2019 21:22:38
P0475,BON AMI FRUTA X 18 BL X 100,2,5,0,24-11-2019 21:22:39
P0476,CAREZZA X 16 DP X 20,2,15,0,24-11-2019 21:22:40
P0477,CHAPULIN TUTTI X 25 BL X 25,2,5,0,24-11-2019 21:22:41
P0478,BIAGI X100,2,5,5,24-11-2019 21:22:42
P0479,CHAPULIN SURTIDO X 25 BL X 25,2,5,16,24-11-2019 21:22:43
P0480,CARAMELOS AMBRUJOS,2,5,4.5,24-11-2019 21:22:44
P0481,FRUGELE AMBRUJOS X70UN,2,5,0,24-11-2019 21:22:45
P0482,AGUA LIGHT X 21 UN X 210 GR.,2,15,4.5,24-11-2019 21:22:46
P0483,SODA LIGHT X 21 UN X 180 GR.,2,15,0,24-11-2019 21:22:47
P0484,AGUA LIGHT X 12 PK X 6,2,15,0,24-11-2019 21:22:48
P0485,SODA LIGHT X 12 PK X 6,2,15,2,24-11-2019 21:22:49
P0486,ARBOLITO NAV. AMB. X 30BL X 200 GR.,2,5,2,24-11-2019 21:22:50
P0487,CRACKELET ORIGINAL X 6 TR X 6,2,15,2.5,24-11-2019 21:22:51
P0488,CRACKELET QUESO X 6 TR X 6,2,15,2.5,24-11-2019 21:22:52
P0489,CRACKELET JAMON X 6 TR X 6,2,15,0,24-11-2019 21:22:53
P0490,AMBROMELLOWS,2,5,4.5,24-11-2019 21:22:54
P0491,CANCUN GALLETA X 12 PK X 6,2,15,4.5,24-11-2019 21:22:55
P0492,CEREAL BAR CHIPS X 8 DP X 12,2,15,4.5,24-11-2019 21:22:56
P0493,CEREAL BAR CHOC. X 8 DP X 12,2,15,0,24-11-2019 21:22:57
P0494,CEREAL BAR GOLDEN X 8 DP X 12,2,15,2.6,24-11-2019 21:22:58
P0495,CEREAL BAR MANZANA X 8 DP X 12,2,15,5,24-11-2019 21:22:59
P0496,CA�ONAZO X 8 DP X 24,2,15,5,24-11-2019 21:22:48
P0497,CHOCODONUTS LECHE X 14 PK X 6,2,15,5,24-11-2019 21:22:49
P0498,TUYO X 10 DP X 20,2,15,5,24-11-2019 21:22:50
P0499,TUYO X 16 PK X 6,2,15,8,24-11-2019 21:22:51
P0500,CA�ONAZO EXTRA X 6 DP X 12,2,15,2.7,24-11-2019 21:22:52
P0501,FRAC MENTA X 12 PK X 6,2,15,7,24-11-2019 21:22:53
P0502,LOOP AGRANEL X 480GMS,2,5,2.5,24-11-2019 21:22:54
P0503,FRAC BA�ADA X 30,2,15,8,24-11-2019 21:22:55
P0504,MONEDAS AMBRUJOS X 50,2,15,2.7,24-11-2019 21:22:56
P0505,FRUNA BLOCKS X20UNDS,2,5,0,24-11-2019 21:22:57
P0506,BASTONES DE NAVIDAD X 144 GR,2,5,0,24-11-2019 21:22:58
P0507,6 NAVIDE�O SURT,2,15,0,24-11-2019 21:22:59
P0508,MINI PANETON 15 JO JO X 90GR,2,15,0,24-11-2019 21:22:36
P0509,CHOCODONUTS REGALO X 222gr,2,15,0,24-11-2019 21:22:37
P0510,HUEVO VIZZIO,2,15,0,24-11-2019 21:22:38
P0511,HUEVO PA�UELO CAREZZA,1,15,0,24-11-2019 21:22:39
P0512,HUEVO FRAC,2,15,0,24-11-2019 21:22:40
P0513,HUEVITO CAREZZA,2,15,0,24-11-2019 21:22:41
P0514,CHOCMAN DOBLE MANJAR X 6,2,15,0,24-11-2019 21:22:42
P0515,OBLEA CHOC X 124 GR,2,5,0,24-11-2019 21:22:43
P0516,CARITAS FIESTA X 40 UN,2,15,0,24-11-2019 21:22:44
P0517,FIESTA 5 X 1 KG,2,5,0,24-11-2019 21:22:45
P0518,GAJO LIMON X 20 BL X 100,2,5,0,24-11-2019 21:22:46
P0519,GAJO SURTIDO X 20 BL X 100,2,5,0,24-11-2019 21:22:47
P0520,CHOCMAN  PK X 6,2,15,0,24-11-2019 21:22:48
P0521,NIK GRANDE VAINILLA X 6 PK X 6,2,15,0,24-11-2019 21:22:49
P0522,NIK GRANDE CHOC. X 6 PK X 6,2,15,0,24-11-2019 21:22:50
P0523,NIK GRANDE FRESA X 6 PK X 6,2,15,2.5,24-11-2019 21:22:51
P0524,NIK FRESA 12X6,2,15,5,24-11-2019 21:22:52
P0525,NIK CHOCOLATE X 12 PK X 6,2,15,5,24-11-2019 21:22:53
P0526,QUE LOCO X 10 DP X 20,2,5,5,24-11-2019 21:22:54
P0527,NIK VAINILLA X 12 PK X 6,2,15,2.3,24-11-2019 21:22:55
P0528,CHIPS CHOCOLATE X 12 PK X 6,2,15,2.3,24-11-2019 21:22:56
P0529,PANETON 18 CJ X900GR,2,18,8,24-11-2019 21:22:57
P0530,PANETON 18 BLX900GR,2,18,2.3,24-11-2019 21:22:58
P0531,PANETON TODINNO CHOCOLATO X 500GR,2,36,2.7,24-11-2019 21:22:59
P0532,PANETON TODDINO DUO,1,36,0,24-11-2019 21:22:36
P0533,CHOCO YOGURT X 60 TR X 8,1,1,0,24-11-2019 21:22:37
P0534,MAN� CHOC. X 60 TR X 8,1,1,0,24-11-2019 21:22:38
P0535,PASAS CHOC. X 60 TR X 8,1,1,0,24-11-2019 21:22:39
P0536,PASAS BORRACHAS X 60 TR X 8,2,1,0,24-11-2019 21:22:40
P0537,PELOTITA CHOC. X 30 BL X 100UN,2,1,0,24-11-2019 21:22:41
P0538,PASAS CON CHOCOLATE288GRM,2,1,0,24-11-2019 21:22:42
P0539,PASAS BORRACHAS288GRM,2,1,0,24-11-2019 21:22:43
P0540,MANI CON CHOCOLATE 288GRM,2,1,9,24-11-2019 21:22:44
P0541,MONEDAS UN SOL X 40 BL X 250 GR.,2,1,0,24-11-2019 21:22:45
P0542,PAPA GRANDE X 13 BL X 180 GR.,2,30,0,24-11-2019 21:22:46
P0543,TORTIS NATURAL X 11 TR X 12 (0.70),2,30,0,24-11-2019 21:22:47
P0544,TORTIS PICANTE X 11 TR X 12 (0.70),2,30,9,24-11-2019 21:22:48
P0545,CHIZON   X 200 GR.,2,30,8,24-11-2019 21:22:49
P0546,PIQUEOS X 12 TR X 12 (0.70),2,30,7,24-11-2019 21:22:50
P0547,PIQUEO GRANDE X 10 BL X 225 GR.,2,30,7,24-11-2019 21:22:51
P0548,BESO DE MOZA X 24 DP X 9,2,28,5,24-11-2019 21:22:52
P0549,TIKYS MERENGUITOS X 37 UN X 60 GR.,2,40,7,24-11-2019 21:22:53
P0550,MUSTAF� X 16 DP X 28,2,40,8,24-11-2019 21:22:54
P0551,MAXI TOFFEE X 10 BL X 50,2,40,8,24-11-2019 21:22:55
P0552,PANETON 40,2,40,0,24-11-2019 21:22:56
P0553,PICARAS CHOCO. EXTR17O X 8 PK X 6,2,40,0,24-11-2019 21:22:57
P0554,PICARAS FRESA X 8 PK X 6,2,40,0,24-11-2019 21:22:58
P0555,PICARAS CLASICA X 8 PK X 6,1,40,0,24-11-2019 21:22:59
P0556,PICARAS CAPPUCCINO X 8 PK X 6,2,40,0,24-11-2019 21:22:48
P0557,MAXI MANI X 20 DP X 24,2,40,0,24-11-2019 21:22:49
P0558,CHIN CHIN CHOCO PALETON X 12 DP X 20,2,40,3.5,24-11-2019 21:22:50
P0559,PICARAS XL CLASICA X 12 PK X 4,2,40,0,24-11-2019 21:22:51
P0560,CHIN CHIN SOBRE X 24 DP X 24,2,40,0,24-11-2019 21:22:52
P0561,CHIN CHIN CAJITA X 24 DP X 16,2,40,0,24-11-2019 21:22:53
P0562,MINI CHIN CHIN X 16 BL X 32,2,40,0,24-11-2019 21:22:54
P0563,CHIN CHIN CHOCO AVENTURA X 14 TR X 6,2,40,0,24-11-2019 21:22:55
P0564,MINI PICARAS X 14 TR X 6,2,40,0,24-11-2019 21:22:56
P0565,CHIN CHIN MIX X 24 DP X 12,2,40,8,24-11-2019 21:22:57
P0566,CHIN CHIN CHOCO PUNCH X 24 DP X 24,2,40,0,24-11-2019 21:22:58
P0567,OLE OLE X 15 BL X 60,2,40,0,24-11-2019 21:22:59
P0568,FOCHIS MAN� X 18 DP X 12,2,40,0,24-11-2019 21:22:36
P0569,FOCHIS PASAS X 18 DP X 12,2,40,0,24-11-2019 21:22:37
P0570,CHIN CHIN CHOCOFORMAS X 10 PK X 6,2,40,5,24-11-2019 21:22:38
P0571,OL� OL� MINI X 12 TR X 6,2,40,0,24-11-2019 21:22:39
P0572,CHIN CHIN GALLE MELLOW X 12 DP X 12,2,40,0,24-11-2019 21:22:40
P0573,PICARAS CHIPS X 8 PK X 6,2,40,0,24-11-2019 21:22:41
P0574,CHICLE CHICHA 34 X 20 BL X 100,2,34,0,24-11-2019 21:22:42
P0575,CHOC. TAZA 34 X 12,2,34,0,24-11-2019 21:22:43
P0576,PASAS BA�ADAS1KL,2,34,0,24-11-2019 21:22:44
P0577,MANIES BA�ADOS1KL,2,34,6,24-11-2019 21:22:45
P0578,FRUKIDS SURTIDO X 16 BL X 100,2,34,0,24-11-2019 21:22:46
P0579,OJO LOCO 34 X 20 BL X 120,2,34,0,24-11-2019 21:22:47
P0580,PANETON MILANO 6 X 900GR,2,34,0,24-11-2019 21:22:48
P0581,PANETON MILANO  X  900GR,2,34,3.5,24-11-2019 21:22:49
P0582,ZOOLOGICO X 10 BL X 800 GR.,2,34,2.5,24-11-2019 21:22:50
P0583,CHOC. TAZA 34 X 50 UN X -- GR.,1,34,0,24-11-2019 21:22:51
P0584,DURAZNO SELECTA,1,13,0,24-11-2019 21:22:52
P0585,CONCERVA 2 480G,2,13,4,24-11-2019 21:22:53
P0586,CONCERVA 35820G,2,35,1,24-11-2019 21:22:54
P0587,ALKA ICE MENTA X 18 BL X 60,2,7,0,24-11-2019 21:22:55
P0588,CHICHA MISKY X 16 BL X 110,2,7,0,24-11-2019 21:22:56
P0589,ALKA ICE CHERRY X 18 BL X 60,2,7,0,24-11-2019 21:22:57
P0590,MASTICABLE FRUTAS MISKY X 12 BL X 100,2,7,0,24-11-2019 21:22:58
P0591,SAPITO CLAS. X 9 DP X 20,2,7,0,24-11-2019 21:22:59
P0592,CHICLE BEN 10 X 12 DP X 100,2,7,0,24-11-2019 21:22:36
P0593,CHICLE HELLO KETTY X 12 DP X 100,2,7,0,24-11-2019 21:22:37
P0594,SANDIA 7 X 100 UND,2,7,5,24-11-2019 21:22:38
P0595,SAPITO CLAS. X 8 BL X 30,2,7,0,24-11-2019 21:22:39
P0596,MINI GOLPE X 12 BL X 24,2,7,0,24-11-2019 21:22:40
P0597,BONOBON BARRA X 6 DP X 24,2,7,0,24-11-2019 21:22:41
P0598,CHICLE CHAVO X 12 DP X 100,2,7,7,24-11-2019 21:22:42
P0599,TOPLINE MENTA X 12 DP X 50,2,7,7,24-11-2019 21:22:43
P0600,TOPLINE SANDIA X 12 DP X 20,2,7,0,24-11-2019 21:22:44
P0601,TOPLINE SANDIA X 12 DP X 50,2,7,0,24-11-2019 21:22:45
P0602,GOLPE X 6 DP X 24,2,7,0,24-11-2019 21:22:46
P0603,GOLPE MAXX X 12 DP X 12,2,7,0,24-11-2019 21:22:47
P0604,TOPLINE MENTA X 12 DP X 20,2,7,0,24-11-2019 21:22:48
P0605,TOPLINE INKA KOLA ZERO X 12 DP X 20,2,7,8,24-11-2019 21:22:49
P0606,GROSSO X 24 BL X 50,2,7,0,24-11-2019 21:22:50
P0607,TOPLINE BERRIES X 12 DP X 20,2,7,0,24-11-2019 21:22:51
P0608,TOPLINE BUBBLE GUM X 12 DP X 20,2,7,0,24-11-2019 21:22:52
P0609,TOPLINE SANDIA FRESCURA XTENDIDA X 12 DP X 20,2,7,0,24-11-2019 21:22:53
P0610,BONOBON OBLEA/WAFER X 6 DP X 20,2,7,0,24-11-2019 21:22:54
P0611,BONOBON MIN OBLEA/WAFER X 12 BL X 24,2,7,0,24-11-2019 21:22:55
P0612,TOPLINE MENTA FUERTE X 12 DP X 20,2,7,0,24-11-2019 21:22:56
P0613,MINI SAPITO CLAS. X 8 BL X 50,2,7,0,24-11-2019 21:22:57
P0614,LECHE MILK 7 X 12 BL X 100,2,7,0,24-11-2019 21:22:58
P0615,SURTIDO MISKY X 16 BL X 110,2,7,0,24-11-2019 21:22:59
P0616,RELLENO FRESA 7 X 12 BL X 100,2,7,0,24-11-2019 21:22:48
P0617,LIMON 7 X 20 BL X 100,2,7,0,24-11-2019 21:22:49
P0618,MENTA CHOCOLATE X 12 BL X 73,2,7,0,24-11-2019 21:22:50
P0619,SAQUITOS 7 X 12 BL X 73,2,7,0,24-11-2019 21:22:51
P0620,CHICHA 7 X 20 BL X 100,2,7,4.5,24-11-2019 21:22:52
P0621,LIMONCITOS MISKY X 16 BL X 110,2,7,5.5,24-11-2019 21:22:53
P0622,PANETON PASAS Y FRUTAS X100GR,2,25,0,24-11-2019 21:22:54
P0623,PANETON CON CHISPA DE CHOCOLATE X 90GR,2,25,0,24-11-2019 21:22:55
P0624,K-CHIPUM X 30 BL X 120,2,12,0,24-11-2019 21:22:56
P0625,GLOBO POP YOGURT FRESA X 30 BL X 24,1,12,0,24-11-2019 21:22:57
P0626,GLOBO POP YOGURT SURTIDO X 30 BL X 24,1,12,0,24-11-2019 21:22:58
P0627,BOOGIE ICE MENTA X 41 DP X 120,2,12,0,24-11-2019 21:22:59
P0628,BOOGIE ICE MENTA TAPER X 6 FR X 240,2,12,0,24-11-2019 21:22:36
P0629,BOOGIE ICE SRT. MORA/CEREZA/LIMONX 41 DP X 120,2,12,0,24-11-2019 21:22:37
P0630,BOOGIE ICE SURTIDO TAPER X 6 FR X 240,2,12,0,24-11-2019 21:22:38
P0631,ATERRALENGUA X 20 DP X 15,2,12,0,24-11-2019 21:22:39
P0632,KATABOOM SURTIDO X 18 DP X 100,2,12,7.3,24-11-2019 21:22:40
P0633,BOOGIE ICE MENTA X 38 DP X 22,2,12,0,24-11-2019 21:22:41
P0634,BOOGIE ICE MORA X 38 DP X 22,2,12,0,24-11-2019 21:22:42
P0635,BOOGIE ICE CEREZA X 38 DP X 22,2,12,7.5,24-11-2019 21:22:43
P0636,GLOBO POP SURTIDO X 30 BL X 24,2,12,0,24-11-2019 21:22:44
P0637,GLOBO POP FRESA X 30 BL X 24,2,12,0,24-11-2019 21:22:45
P0638,AGOGO C.LIQ X 16 DP X 40,2,12,0,24-11-2019 21:22:46
P0639,GLOBO POP LECHE Y CHOCOLATE X 34 BL X 23,2,12,5.5,24-11-2019 21:22:47
P0640,CHI-CHISTE FRESA/CEREZA/TUTTI X 36 DP X 100,2,12,5.5,24-11-2019 21:22:48
P0641,CHI-CHISTE MORA/PLATANO X 36 DP X 100,2,12,0,24-11-2019 21:22:49
P0642,BARBIE TUTI FRUTTI X 20 DP X 15,2,12,0,24-11-2019 21:22:50
P0643,GLOBO POP SURTIDO FRASCO X 6 FR X 60,2,12,0,24-11-2019 21:22:51
P0644,BOOGIE ICE SRT. SANDIA/NARANJA/FRESA X 41 DP X 120,2,12,0,24-11-2019 21:22:52
P0645,BOOGIE ICE SRT. SANDIA/NARANJA/FRESA X 38 DP X 22,2,12,0,24-11-2019 21:22:53
P0646,HUEVITO C/E AMER. X 32 BL X 55,2,12,0,24-11-2019 21:22:54
P0647,HUEVITO S/E AMER. X 40 BL X 55,2,12,0,24-11-2019 21:22:55
P0648,CHI-CHISTE DOBLE SABOR X 36 DP X 100,2,12,0,24-11-2019 21:22:56
P0649,GLOBO POP LED SURTIDO X 12 DP X 20,2,12,0,24-11-2019 21:22:57
P0650,CUATES NATURAL X 11 TR X 12 (0.50),2,30,0,24-11-2019 21:22:58
P0651,CUATES PICANTE X 11 TR X 12 (0.50),2,30,0,24-11-2019 21:22:59
P0652,CHIZITOS X 7 TR X 14 (0.50),2,30,0,24-11-2019 21:22:36
P0653,CHISITO X 14,2,10,0,24-11-2019 21:22:37
P0654,CHEESE TRIS X 14 TR X 13 (0.50),2,30,0,24-11-2019 21:22:38
P0655,PAPA LAYS X 12 TR X 12 (0.70),2,30,6,24-11-2019 21:22:39
P0656,DORITOS X 11 TR X 12 (0.70),2,30,0,24-11-2019 21:22:40
P0657,LIMON DULCITO X 20 BL X 115,2,26,0,24-11-2019 21:22:41
P0658,MENTA DULCITO X 20 BL X 160,2,26,7,24-11-2019 21:22:42
P0659,ANGEL FLAKES X 30 UN X 150 GR.,2,9,0,24-11-2019 21:22:43
P0660,ANGEL ZUCK X 30  UN X 150 GR.,2,9,0,24-11-2019 21:22:44
P0661,ANGEL CHOCK X 30 UN X 140 GR.,2,9,0,24-11-2019 21:22:45
P0662,ANGEL MEL X 30 UN X 140 GR.,2,9,0,24-11-2019 21:22:46
P0663,ANGEL FLAKES X 15 TR X 12,2,9,0,24-11-2019 21:22:47
P0664,ANGEL FRUTT X 30 UN X 140 GR.,2,9,0,24-11-2019 21:22:48
P0665,ANGEL ALMOHADA FRESIA X 30 UN X 110 GR.,2,9,0,24-11-2019 21:22:49
P0666,ANGEL ALMOHADA FRESIA X 15 TR X 12,2,9,4,24-11-2019 21:22:50
P0667,ANGEL ALMOHADA TITO X 30 UN X 110 GR.,2,9,0,24-11-2019 21:22:51
P0668,ANGEL ALMOHADA TITO X 15 TR X 12,2,9,0,24-11-2019 21:22:52
P0669,ANGEL ALMOHADA PEPE X 30 UN X 140 GR.,2,9,4,24-11-2019 21:22:53
P0670,ANGEL ALMOHADA PEPE X 15 TR X 12,2,9,0,24-11-2019 21:22:54
P0671,ANGEL COPIX X 15 TR X 12,2,9,4,24-11-2019 21:22:55
P0672,ANGEL COPIX X 30 UN X 140 GR.,2,9,0,24-11-2019 21:22:56
P0673,ANGEL ZUCK X 15 TR X 12,2,9,4,24-11-2019 21:22:57
P0674,ANGEL MEL X 15 TR X 12,2,9,4,24-11-2019 21:22:58
P0675,ANGEL CHOCK X 15 TR X 12,2,9,0,24-11-2019 21:22:59
P0676,ANGEL FRUTT X 15 TR X 12,2,9,4,24-11-2019 21:22:48
P0677,CRYSMELO COLOR X 20 BL X 335 GR.,2,23,4,24-11-2019 21:22:49
P0678,BONOBON ALFAJOR X 16 PK X 6,2,7,4,24-11-2019 21:22:50
P0679,MOGUL OSITOS X 12 DP X 12,2,7,4,24-11-2019 21:22:51
P0680,MOGUL ROLLO X 12 DP X 12,2,7,5,24-11-2019 21:22:52
P0681,MOGUL COCODRILOS X 12 DP X 12,2,7,0,24-11-2019 21:22:53
P0682,MOGUL PIECITOS X 12 DP X 12,2,7,0,24-11-2019 21:22:54
P0683,MENTA CRISTAL X 12 BL X 80,2,7,0,24-11-2019 21:22:55
P0684,DOS CABALLOS,2,31,0,24-11-2019 21:22:56
P0685,DOS CABALLOS CACKTAIL DE FRUTA,2,31,0,24-11-2019 21:22:57
P0686,BONOBON CLAS. X 12 DP X 30,2,7,0,24-11-2019 21:22:58
P0687,TIC TAC CHERRY PASION 24 DP X 12,3,41,0,24-11-2019 21:22:59
P0688,TIC TAC MENTA 24 DP X 12,3,41,0,24-11-2019 21:22:36
P0689,BOOGIE BOLAS SURTIDO X 30 DP X 30,2,12,13.5,24-11-2019 21:22:37
P0690,PANETON 8 X 750GRS,2,8,12.5,24-11-2019 21:22:38
P0691,KIT KAT X 996GR,2,28,12.5,24-11-2019 21:22:39
P0692,8 X 750GRM,2,8,0,24-11-2019 21:22:40
P0693,BAUDUCO PANDORO 500GRM,1,8,0,24-11-2019 21:22:41
P0694,PANETON 8 X 400GRS,2,31,0,24-11-2019 21:22:42
P0695,WAFER NUECES,2,8,0,24-11-2019 21:22:43
P0696,WAFER MAXI  X117GR,2,8,0,24-11-2019 21:22:44
P0697,WAFER 8 X14UND,1,8,0,24-11-2019 21:22:45
P0698,BAUDUCO 100GRM,2,31,0,24-11-2019 21:22:46
P0699,BAUDUCO LATA X 750GRM,2,8,0,24-11-2019 21:22:47
P0700,PANETON 8 900GRM,2,8,0,24-11-2019 21:22:48
P0701,8 CHOCO X500GRM,2,8,0,24-11-2019 21:22:49
P0702,TOSTADA 8,2,8,0,24-11-2019 21:22:50
P0703,MENTOS MANZANA X 24 DP X 12,1,32,0,24-11-2019 21:22:51
P0704,MENTOS FRESA X 24 DP X 12,2,32,0,24-11-2019 21:22:52
P0705,MENTOS MAGUIT X 24 DP X 12,2,32,0,24-11-2019 21:22:53
P0706,MENTOS MENTA X 24 DP X 12,2,32,8,24-11-2019 21:22:54
P0707,MENTOS FRUTAS X 24 DP X 12,2,32,8,24-11-2019 21:22:55
P0708,TIC TAC TORMENTA 24 DP X 12,2,41,8,24-11-2019 21:22:56
P0709,TRIANGULO BARRA X22X200GR,2,28,8,24-11-2019 21:22:57
P0710,HAY HAY BOL X 100 UN,2,22,8,24-11-2019 21:22:58
P0711,TRUFON BL X 100UND,2,39,12.5,24-11-2019 21:22:59
P0712,CHOCOPAYE X 216GR,2,22,0,24-11-2019 21:22:36
